entry_time,exit_time,side,duration_min,spot_entry,spot_exit,nifty_pts,option_pts,qty,gross_pnl,costs,net_pnl,exit_reason,mfe_opt_pts
2025-12-18 09:45,2025-12-18 10:15,SELL,30.0,58835.75,58822.46,13.29,9.3,30,279.0,40.0,239.0,TRAIL_LOCK,28.98
2025-12-18 10:30,2025-12-18 11:00,BUY,30.0,59144.85,59143.85,-1.0,-0.7,30,-21.0,40.0,-61.0,TRAIL_BE,21.07
2025-12-18 11:15,2025-12-18 12:15,BUY,60.0,59133.05,59146.34,13.29,9.3,30,279.0,40.0,239.0,TRAIL_LOCK,30.2
2025-12-18 12:30,2025-12-18 13:00,BUY,30.0,59187.8,59186.8,-1.0,-0.7,30,-21.0,40.0,-61.0,TRAIL_BE,16.24
2025-12-18 13:15,2025-12-18 15:15,BUY,120.0,59095.2,58879.91,-215.29,-150.7,30,-4521.0,40.0,-4561.0,STOP_LOSS,5.22
2025-12-19 09:30,2025-12-19 10:45,BUY,75.0,59076.75,59090.04,13.29,9.3,30,279.0,40.0,239.0,TRAIL_LOCK,31.08
2025-12-19 11:00,2025-12-19 11:30,SELL,30.0,59008.6,58995.31,13.29,9.3,30,279.0,40.0,239.0,TRAIL_LOCK,35.0
2025-12-22 09:30,2025-12-22 10:00,BUY,30.0,59294.65,59307.94,13.29,9.3,30,279.0,40.0,239.0,TRAIL_LOCK,36.26
2025-12-22 10:15,2025-12-22 10:30,SELL,15.0,59284.6,59228.46,56.14,39.3,30,1179.0,40.0,1139.0,TARGET,0.0
2025-12-22 10:45,2025-12-22 11:00,SELL,15.0,59305.15,59249.01,56.14,39.3,30,1179.0,40.0,1139.0,TARGET,0.0
2025-12-22 11:15,2025-12-22 11:45,SELL,30.0,59277.8,59264.51,13.29,9.3,30,279.0,40.0,239.0,TRAIL_LOCK,29.54
2025-12-22 12:00,2025-12-22 12:30,BUY,30.0,59282.2,59281.2,-1.0,-0.7,30,-21.0,40.0,-61.0,TRAIL_BE,21.17
2025-12-24 09:30,2025-12-24 13:15,BUY,225.0,59447.95,59232.66,-215.29,-150.7,30,-4521.0,40.0,-4561.0,STOP_LOSS,14.63
2025-12-24 13:30,2025-12-24 14:15,SELL,45.0,59198.25,59199.25,-1.0,-0.7,30,-21.0,40.0,-61.0,TRAIL_BE,24.15
2025-12-24 14:30,2025-12-24 15:00,SELL,30.0,59212.6,59199.31,13.29,9.3,30,279.0,40.0,239.0,TRAIL_LOCK,25.97
2025-12-26 09:30,2025-12-26 09:45,BUY,15.0,59092.2,59148.34,56.14,39.3,30,1179.0,40.0,1139.0,TARGET,0.0
2025-12-26 10:15,2025-12-26 11:00,SELL,45.0,59118.6,59119.6,-1.0,-0.7,30,-21.0,40.0,-61.0,TRAIL_BE,16.73
2025-12-26 11:15,2025-12-26 11:30,SELL,15.0,59066.9,59010.76,56.14,39.3,30,1179.0,40.0,1139.0,TARGET,0.0
2025-12-26 11:45,2025-12-26 12:15,SELL,30.0,59042.5,59043.5,-1.0,-0.7,30,-21.0,40.0,-61.0,TRAIL_BE,24.15
2025-12-26 12:30,2025-12-26 13:00,SELL,30.0,58999.0,59000.0,-1.0,-0.7,30,-21.0,40.0,-61.0,TRAIL_BE,15.86
2025-12-26 13:15,2025-12-26 14:15,SELL,60.0,59046.55,58990.41,56.14,39.3,30,1179.0,40.0,1139.0,TARGET,33.53
2025-12-29 09:30,2025-12-29 11:15,BUY,105.0,59063.45,58848.16,-215.29,-150.7,30,-4521.0,40.0,-4561.0,STOP_LOSS,14.98
2025-12-29 11:30,2025-12-29 12:00,SELL,30.0,58852.05,58853.05,-1.0,-0.7,30,-21.0,40.0,-61.0,TRAIL_BE,18.06
2025-12-29 12:15,2025-12-29 13:30,SELL,75.0,58831.85,58832.85,-1.0,-0.7,30,-21.0,40.0,-61.0,TRAIL_BE,15.61
2025-12-30 09:30,2025-12-30 09:45,SELL,15.0,58843.75,58787.61,56.14,39.3,30,1179.0,40.0,1139.0,TARGET,0.0
2025-12-30 10:00,2025-12-30 10:15,BUY,15.0,58945.65,59001.79,56.14,39.3,30,1179.0,40.0,1139.0,TARGET,0.0
2025-12-30 10:30,2025-12-30 11:00,BUY,30.0,58935.2,58948.49,13.29,9.3,30,279.0,40.0,239.0,TRAIL_LOCK,35.35
2025-12-30 11:15,2025-12-30 11:45,BUY,30.0,58961.05,58960.05,-1.0,-0.7,30,-21.0,40.0,-61.0,TRAIL_BE,16.06
2025-12-30 12:00,2025-12-30 13:45,SELL,105.0,58871.05,59086.34,-215.29,-150.7,30,-4521.0,40.0,-4561.0,STOP_LOSS,4.38
2025-12-30 14:00,2025-12-30 14:30,BUY,30.0,59088.75,59102.04,13.29,9.3,30,279.0,40.0,239.0,TRAIL_LOCK,32.62
2025-12-30 14:45,2025-12-30 15:00,BUY,15.0,59138.05,59194.19,56.14,39.3,30,1179.0,40.0,1139.0,TARGET,0.0
2025-12-31 09:30,2025-12-31 09:45,BUY,15.0,59254.2,59310.34,56.14,39.3,30,1179.0,40.0,1139.0,TARGET,0.0
2025-12-31 10:00,2025-12-31 10:30,BUY,30.0,59350.4,59349.4,-1.0,-0.7,30,-21.0,40.0,-61.0,TRAIL_BE,19.88
2025-12-31 10:45,2025-12-31 11:15,BUY,30.0,59471.4,59470.4,-1.0,-0.7,30,-21.0,40.0,-61.0,TRAIL_BE,17.67
2025-12-31 11:30,2025-12-31 12:00,BUY,30.0,59457.75,59471.04,13.29,9.3,30,279.0,40.0,239.0,TRAIL_LOCK,29.4
2025-12-31 12:15,2025-12-31 12:30,BUY,15.0,59566.25,59622.39,56.14,39.3,30,1179.0,40.0,1139.0,TARGET,0.0
2025-12-31 12:45,2025-12-31 14:00,BUY,75.0,59723.3,59722.3,-1.0,-0.7,30,-21.0,40.0,-61.0,TRAIL_BE,17.32
2025-12-31 14:15,2025-12-31 14:30,BUY,15.0,59701.95,59758.09,56.14,39.3,30,1179.0,40.0,1139.0,TARGET,0.0
2026-01-01 09:30,2026-01-01 10:45,BUY,75.0,59707.0,59706.0,-1.0,-0.7,30,-21.0,40.0,-61.0,TRAIL_BE,22.51
2026-01-01 11:00,2026-01-01 11:30,BUY,30.0,59715.85,59714.85,-1.0,-0.7,30,-21.0,40.0,-61.0,TRAIL_BE,15.72
2026-01-01 12:00,2026-01-01 12:30,SELL,30.0,59627.0,59628.0,-1.0,-0.7,30,-21.0,40.0,-61.0,TRAIL_BE,18.27
2026-01-01 12:45,2026-01-01 13:30,SELL,45.0,59679.7,59666.41,13.29,9.3,30,279.0,40.0,239.0,TRAIL_LOCK,35.94
2026-01-01 13:45,2026-01-01 14:15,BUY,30.0,59697.7,59696.7,-1.0,-0.7,30,-21.0,40.0,-61.0,TRAIL_BE,20.58
2026-01-01 14:30,2026-01-01 15:00,BUY,30.0,59687.4,59700.69,13.29,9.3,30,279.0,40.0,239.0,TRAIL_LOCK,30.62
2026-01-02 09:30,2026-01-02 11:30,BUY,120.0,60047.0,60103.14,56.14,39.3,30,1179.0,40.0,1139.0,TARGET,11.02
2026-01-02 11:45,2026-01-02 12:00,BUY,15.0,60080.95,60137.09,56.14,39.3,30,1179.0,40.0,1139.0,TARGET,0.0
2026-01-02 12:15,2026-01-02 12:45,BUY,30.0,60117.85,60116.85,-1.0,-0.7,30,-21.0,40.0,-61.0,TRAIL_BE,16.66
2026-01-02 13:00,2026-01-02 13:30,BUY,30.0,60107.25,60120.54,13.29,9.3,30,279.0,40.0,239.0,TRAIL_LOCK,30.34
2026-01-02 13:45,2026-01-02 14:15,BUY,30.0,60097.7,60096.7,-1.0,-0.7,30,-21.0,40.0,-61.0,TRAIL_BE,15.44
2026-01-02 14:30,2026-01-02 15:00,SELL,30.0,60005.55,60006.55,-1.0,-0.7,30,-21.0,40.0,-61.0,TRAIL_BE,19.18
2026-01-05 09:30,2026-01-05 10:00,SELL,30.0,60221.7,60208.41,13.29,9.3,30,279.0,40.0,239.0,TRAIL_LOCK,31.95
2026-01-05 10:15,2026-01-05 13:15,BUY,180.0,60338.15,60122.86,-215.29,-150.7,30,-4521.0,40.0,-4561.0,STOP_LOSS,11.38
2026-01-05 13:30,2026-01-05 13:45,SELL,15.0,60066.0,60009.86,56.14,39.3,30,1179.0,40.0,1139.0,TARGET,0.0
2026-01-05 14:00,2026-01-05 15:00,SELL,60.0,59906.2,60121.49,-215.29,-150.7,30,-4521.0,40.0,-4561.0,STOP_LOSS,13.3
2026-01-06 09:30,2026-01-06 09:45,BUY,15.0,60166.35,60222.49,56.14,39.3,30,1179.0,40.0,1139.0,TARGET,0.0
2026-01-06 10:00,2026-01-06 10:30,BUY,30.0,60277.75,60276.75,-1.0,-0.7,30,-21.0,40.0,-61.0,TRAIL_BE,19.07
2026-01-06 10:45,2026-01-06 11:15,BUY,30.0,60228.25,60241.54,13.29,9.3,30,279.0,40.0,239.0,TRAIL_LOCK,36.44
2026-01-06 11:30,2026-01-06 12:00,SELL,30.0,60228.55,60215.26,13.29,9.3,30,279.0,40.0,239.0,TRAIL_LOCK,30.97
2026-01-06 12:30,2026-01-06 13:00,SELL,30.0,60175.7,60162.41,13.29,9.3,30,279.0,40.0,239.0,TRAIL_LOCK,38.22
2026-01-06 13:15,2026-01-06 13:45,SELL,30.0,60126.25,60112.96,13.29,9.3,30,279.0,40.0,239.0,TRAIL_LOCK,34.93
2026-01-06 14:00,2026-01-06 14:30,SELL,30.0,60075.6,60062.31,13.29,9.3,30,279.0,40.0,239.0,TRAIL_LOCK,30.52
2026-01-07 09:30,2026-01-07 10:00,SELL,30.0,59899.55,59886.26,13.29,9.3,30,279.0,40.0,239.0,TRAIL_LOCK,26.74
2026-01-07 10:15,2026-01-07 12:45,SELL,150.0,59888.35,59875.06,13.29,9.3,30,279.0,40.0,239.0,TRAIL_LOCK,26.91
2026-01-07 13:00,2026-01-07 13:15,SELL,15.0,59894.05,59837.91,56.14,39.3,30,1179.0,40.0,1139.0,TARGET,0.0
2026-01-07 13:30,2026-01-07 14:00,SELL,30.0,59799.15,59800.15,-1.0,-0.7,30,-21.0,40.0,-61.0,TRAIL_BE,20.41
2026-01-07 14:15,2026-01-07 14:45,SELL,30.0,59871.3,59872.3,-1.0,-0.7,30,-21.0,40.0,-61.0,TRAIL_BE,15.47
2026-01-08 09:30,2026-01-08 11:00,BUY,90.0,60055.55,59840.26,-215.29,-150.7,30,-4521.0,40.0,-4561.0,STOP_LOSS,3.67
2026-01-08 11:15,2026-01-08 11:45,SELL,30.0,59736.45,59737.45,-1.0,-0.7,30,-21.0,40.0,-61.0,TRAIL_BE,17.04
2026-01-08 12:00,2026-01-08 12:30,SELL,30.0,59700.15,59686.86,13.29,9.3,30,279.0,40.0,239.0,TRAIL_LOCK,35.81
2026-01-08 12:45,2026-01-08 13:15,SELL,30.0,59659.65,59660.65,-1.0,-0.7,30,-21.0,40.0,-61.0,TRAIL_BE,17.54
2026-01-08 13:30,2026-01-08 15:15,SELL,105.0,59682.1,59625.96,56.14,39.3,30,1179.0,40.0,1139.0,TARGET,8.4
2026-01-09 09:30,2026-01-09 10:00,SELL,30.0,59515.8,59502.51,13.29,9.3,30,279.0,40.0,239.0,TRAIL_LOCK,35.46
2026-01-09 10:15,2026-01-09 11:15,BUY,60.0,59612.85,59397.56,-215.29,-150.7,30,-4521.0,40.0,-4561.0,STOP_LOSS,0.88
2026-01-09 11:30,2026-01-09 12:00,SELL,30.0,59389.75,59376.46,13.29,9.3,30,279.0,40.0,239.0,TRAIL_LOCK,26.91
2026-01-09 12:15,2026-01-09 12:30,SELL,15.0,59329.25,59273.11,56.14,39.3,30,1179.0,40.0,1139.0,TARGET,0.0
2026-01-09 12:45,2026-01-09 13:30,SELL,45.0,59289.45,59290.45,-1.0,-0.7,30,-21.0,40.0,-61.0,TRAIL_BE,24.01
2026-01-09 13:45,2026-01-09 14:15,SELL,30.0,59249.05,59235.76,13.29,9.3,30,279.0,40.0,239.0,TRAIL_LOCK,36.26
2026-01-12 09:30,2026-01-12 10:00,SELL,30.0,59045.1,59046.1,-1.0,-0.7,30,-21.0,40.0,-61.0,TRAIL_BE,15.71
2026-01-12 10:15,2026-01-12 10:45,BUY,30.0,59147.7,59146.7,-1.0,-0.7,30,-21.0,40.0,-61.0,TRAIL_BE,21.0
2026-01-12 11:00,2026-01-12 11:15,SELL,15.0,59012.45,58956.31,56.14,39.3,30,1179.0,40.0,1139.0,TARGET,0.0
2026-01-12 11:30,2026-01-12 12:15,SELL,45.0,58885.1,59100.39,-215.29,-150.7,30,-4521.0,40.0,-4561.0,STOP_LOSS,14.63
2026-01-12 12:30,2026-01-12 13:00,BUY,30.0,59499.45,59512.74,13.29,9.3,30,279.0,40.0,239.0,TRAIL_LOCK,25.59
2026-01-12 13:15,2026-01-12 13:30,BUY,15.0,59399.0,59455.14,56.14,39.3,30,1179.0,40.0,1139.0,TARGET,0.0
2026-01-12 13:45,2026-01-12 15:00,BUY,75.0,59456.95,59470.24,13.29,9.3,30,279.0,40.0,239.0,TRAIL_LOCK,35.04
2026-01-13 09:30,2026-01-13 09:45,SELL,15.0,59528.5,59472.36,56.14,39.3,30,1179.0,40.0,1139.0,TARGET,0.0
2026-01-13 10:00,2026-01-13 10:30,SELL,30.0,59551.85,59552.85,-1.0,-0.7,30,-21.0,40.0,-61.0,TRAIL_BE,15.19
2026-01-13 10:45,2026-01-13 11:00,BUY,15.0,59618.4,59674.54,56.14,39.3,30,1179.0,40.0,1139.0,TARGET,0.0
2026-01-13 11:15,2026-01-13 11:30,BUY,15.0,59667.2,59723.34,56.14,39.3,30,1179.0,40.0,1139.0,TARGET,0.0
2026-01-13 11:45,2026-01-13 12:45,BUY,60.0,59616.5,59401.21,-215.29,-150.7,30,-4521.0,40.0,-4561.0,STOP_LOSS,10.11
2026-01-13 13:00,2026-01-13 13:30,SELL,30.0,59402.4,59389.11,13.29,9.3,30,279.0,40.0,239.0,TRAIL_LOCK,26.39
2026-01-13 13:45,2026-01-13 14:00,SELL,15.0,59461.85,59405.71,56.14,39.3,30,1179.0,40.0,1139.0,TARGET,0.0
2026-01-13 14:15,2026-01-13 14:45,SELL,30.0,59328.5,59543.79,-215.29,-150.7,30,-4521.0,40.0,-4561.0,STOP_LOSS,11.51
2026-01-14 09:30,2026-01-14 09:45,BUY,15.0,59528.85,59584.99,56.14,39.3,30,1179.0,40.0,1139.0,TARGET,0.0
2026-01-14 10:00,2026-01-14 10:15,SELL,15.0,59482.85,59426.71,56.14,39.3,30,1179.0,40.0,1139.0,TARGET,0.0
2026-01-14 10:30,2026-01-14 11:00,SELL,30.0,59394.9,59395.9,-1.0,-0.7,30,-21.0,40.0,-61.0,TRAIL_BE,20.97
2026-01-14 11:15,2026-01-14 11:45,BUY,30.0,59681.05,59680.05,-1.0,-0.7,30,-21.0,40.0,-61.0,TRAIL_BE,19.28
2026-01-14 12:00,2026-01-14 12:15,BUY,15.0,59578.0,59634.14,56.14,39.3,30,1179.0,40.0,1139.0,TARGET,0.0
2026-01-14 12:30,2026-01-14 12:45,BUY,15.0,59607.35,59663.49,56.14,39.3,30,1179.0,40.0,1139.0,TARGET,0.0
2026-01-14 13:00,2026-01-14 13:15,BUY,15.0,59731.75,59787.89,56.14,39.3,30,1179.0,40.0,1139.0,TARGET,0.0
2026-01-14 13:30,2026-01-14 14:00,BUY,30.0,59631.0,59630.0,-1.0,-0.7,30,-21.0,40.0,-61.0,TRAIL_BE,19.46
2026-01-14 14:15,2026-01-14 14:45,SELL,30.0,59503.75,59504.75,-1.0,-0.7,30,-21.0,40.0,-61.0,TRAIL_BE,15.79
2026-01-16 09:30,2026-01-16 09:45,BUY,15.0,59850.65,59906.79,56.14,39.3,30,1179.0,40.0,1139.0,TARGET,0.0
2026-01-16 10:00,2026-01-16 10:15,BUY,15.0,60009.45,60065.59,56.14,39.3,30,1179.0,40.0,1139.0,TARGET,0.0
2026-01-16 10:30,2026-01-16 11:00,BUY,30.0,60065.8,60079.09,13.29,9.3,30,279.0,40.0,239.0,TRAIL_LOCK,32.41
2026-01-16 11:15,2026-01-16 11:45,BUY,30.0,60079.3,60092.59,13.29,9.3,30,279.0,40.0,239.0,TRAIL_LOCK,27.58
2026-01-16 12:00,2026-01-16 14:45,BUY,165.0,60085.35,60084.35,-1.0,-0.7,30,-21.0,40.0,-61.0,TRAIL_BE,18.97
2026-01-16 15:00,2026-01-16 15:15,BUY,15.0,60075.7,60131.84,56.14,39.3,30,1179.0,40.0,1139.0,TARGET,0.0
2026-01-19 09:30,2026-01-19 09:45,SELL,15.0,59743.2,59687.06,56.14,39.3,30,1179.0,40.0,1139.0,TARGET,0.0
2026-01-19 10:00,2026-01-19 12:45,SELL,165.0,59667.85,59883.14,-215.29,-150.7,30,-4521.0,40.0,-4561.0,STOP_LOSS,8.4
2026-01-19 13:00,2026-01-19 13:30,BUY,30.0,59858.65,59871.94,13.29,9.3,30,279.0,40.0,239.0,TRAIL_LOCK,37.06
2026-01-19 13:45,2026-01-19 14:00,BUY,15.0,59862.2,59918.34,56.14,39.3,30,1179.0,40.0,1139.0,TARGET,0.0
2026-01-19 14:15,2026-01-19 14:30,BUY,15.0,59851.05,59907.19,56.14,39.3,30,1179.0,40.0,1139.0,TARGET,0.0
2026-01-19 14:45,2026-01-19 15:15,BUY,30.0,59948.95,59947.95,-1.0,-0.7,30,-21.0,40.0,-61.0,TRAIL_BE,15.44
2026-01-20 09:30,2026-01-20 09:45,SELL,15.0,59721.7,59665.56,56.14,39.3,30,1179.0,40.0,1139.0,TARGET,0.0
2026-01-20 10:00,2026-01-20 11:00,SELL,60.0,59665.65,59666.65,-1.0,-0.7,30,-21.0,40.0,-61.0,TRAIL_BE,18.38
2026-01-20 11:15,2026-01-20 12:15,SELL,60.0,59709.15,59710.15,-1.0,-0.7,30,-21.0,40.0,-61.0,TRAIL_BE,24.85
2026-01-20 12:30,2026-01-20 13:30,SELL,60.0,59633.1,59576.96,56.14,39.3,30,1179.0,40.0,1139.0,TARGET,7.0
2026-01-20 13:45,2026-01-20 14:00,SELL,15.0,59567.15,59511.01,56.14,39.3,30,1179.0,40.0,1139.0,TARGET,0.0
2026-01-20 14:15,2026-01-20 14:30,SELL,15.0,59574.4,59518.26,56.14,39.3,30,1179.0,40.0,1139.0,TARGET,0.0
2026-01-20 14:45,2026-01-20 15:00,SELL,15.0,59504.6,59448.46,56.14,39.3,30,1179.0,40.0,1139.0,TARGET,0.0
2026-01-21 09:30,2026-01-21 09:45,SELL,15.0,59209.05,59152.91,56.14,39.3,30,1179.0,40.0,1139.0,TARGET,0.0
2026-01-21 10:00,2026-01-21 10:15,SELL,15.0,58982.25,58926.11,56.14,39.3,30,1179.0,40.0,1139.0,TARGET,0.0
2026-01-21 10:30,2026-01-21 10:45,SELL,15.0,58758.4,58702.26,56.14,39.3,30,1179.0,40.0,1139.0,TARGET,0.0
2026-01-21 11:00,2026-01-21 11:15,SELL,15.0,58626.1,58569.96,56.14,39.3,30,1179.0,40.0,1139.0,TARGET,0.0
2026-01-21 11:30,2026-01-21 12:00,SELL,30.0,58538.95,58754.24,-215.29,-150.7,30,-4521.0,40.0,-4561.0,STOP_LOSS,0.0
2026-01-21 12:15,2026-01-21 12:30,SELL,15.0,58694.75,58910.04,-215.29,-150.7,30,-4521.0,40.0,-4561.0,STOP_LOSS,0.0
2026-01-21 12:45,2026-01-21 13:00,BUY,15.0,59148.5,59204.64,56.14,39.3,30,1179.0,40.0,1139.0,TARGET,0.0
2026-01-21 13:15,2026-01-21 13:30,BUY,15.0,58976.7,59032.84,56.14,39.3,30,1179.0,40.0,1139.0,TARGET,0.0
2026-01-21 13:45,2026-01-21 14:15,SELL,30.0,58784.95,58771.66,13.29,9.3,30,279.0,40.0,239.0,TRAIL_LOCK,34.82
2026-01-21 14:30,2026-01-21 14:45,SELL,15.0,58850.55,58794.41,56.14,39.3,30,1179.0,40.0,1139.0,TARGET,0.0
2026-01-22 09:30,2026-01-22 10:00,BUY,30.0,59484.55,59497.84,13.29,9.3,30,279.0,40.0,239.0,TRAIL_LOCK,34.02
2026-01-22 10:15,2026-01-22 10:30,SELL,15.0,59137.55,59081.41,56.14,39.3,30,1179.0,40.0,1139.0,TARGET,0.0
2026-01-22 10:45,2026-01-22 11:15,SELL,30.0,58914.95,58901.66,13.29,9.3,30,279.0,40.0,239.0,TRAIL_LOCK,36.75
2026-01-22 11:30,2026-01-22 11:45,SELL,15.0,58890.85,58834.71,56.14,39.3,30,1179.0,40.0,1139.0,TARGET,0.0
2026-01-22 12:00,2026-01-22 12:30,SELL,30.0,58988.65,58975.36,13.29,9.3,30,279.0,40.0,239.0,TRAIL_LOCK,29.99
2026-01-22 12:45,2026-01-22 13:00,SELL,15.0,58962.7,58906.56,56.14,39.3,30,1179.0,40.0,1139.0,TARGET,0.0
2026-01-22 13:15,2026-01-22 13:45,SELL,30.0,58975.75,58976.75,-1.0,-0.7,30,-21.0,40.0,-61.0,TRAIL_BE,20.02
2026-01-22 14:00,2026-01-22 14:30,SELL,30.0,59014.65,59015.65,-1.0,-0.7,30,-21.0,40.0,-61.0,TRAIL_BE,24.5
2026-01-22 14:45,2026-01-22 15:15,BUY,30.0,59176.0,59232.14,56.14,39.3,30,1179.0,40.0,1139.0,TARGET,37.84
2026-01-23 09:30,2026-01-23 10:00,SELL,30.0,59097.95,59084.66,13.29,9.3,30,279.0,40.0,239.0,TRAIL_LOCK,36.4
2026-01-23 10:15,2026-01-23 11:00,SELL,45.0,59122.65,59109.36,13.29,9.3,30,279.0,40.0,239.0,TRAIL_LOCK,29.02
2026-01-23 11:15,2026-01-23 12:00,BUY,45.0,59115.85,58900.56,-215.29,-150.7,30,-4521.0,40.0,-4561.0,STOP_LOSS,4.9
2026-01-23 12:15,2026-01-23 13:15,SELL,60.0,58964.95,58965.95,-1.0,-0.7,30,-21.0,40.0,-61.0,TRAIL_BE,22.05
2026-01-23 13:30,2026-01-23 13:45,SELL,15.0,58584.0,58527.86,56.14,39.3,30,1179.0,40.0,1139.0,TARGET,0.0
2026-01-23 14:00,2026-01-23 14:15,SELL,15.0,58536.2,58480.06,56.14,39.3,30,1179.0,40.0,1139.0,TARGET,0.0
2026-01-23 14:30,2026-01-23 14:45,SELL,15.0,58615.85,58559.71,56.14,39.3,30,1179.0,40.0,1139.0,TARGET,0.0
2026-01-23 15:00,2026-01-23 15:15,SELL,15.0,58516.05,58459.91,56.14,39.3,30,1179.0,40.0,1139.0,TARGET,0.0
2026-01-27 09:30,2026-01-27 10:00,BUY,30.0,58650.3,58663.59,13.29,9.3,30,279.0,40.0,239.0,TRAIL_LOCK,34.33
2026-01-27 10:15,2026-01-27 10:30,BUY,15.0,58621.8,58677.94,56.14,39.3,30,1179.0,40.0,1139.0,TARGET,0.0
2026-01-27 10:45,2026-01-27 11:15,SELL,30.0,58428.45,58643.74,-215.29,-150.7,30,-4521.0,40.0,-4561.0,STOP_LOSS,2.59
2026-01-27 11:30,2026-01-27 11:45,BUY,15.0,58844.9,58629.61,-215.29,-150.7,30,-4521.0,40.0,-4561.0,STOP_LOSS,0.0
2026-01-27 12:00,2026-01-27 12:30,BUY,30.0,58742.05,58755.34,13.29,9.3,30,279.0,40.0,239.0,TRAIL_LOCK,35.84
2026-01-27 12:45,2026-01-27 13:15,BUY,30.0,58740.7,58796.84,56.14,39.3,30,1179.0,40.0,1139.0,TARGET,10.19
2026-01-27 13:30,2026-01-27 13:45,BUY,15.0,58685.8,58741.94,56.14,39.3,30,1179.0,40.0,1139.0,TARGET,0.0
2026-01-27 14:00,2026-01-27 14:30,BUY,30.0,58725.45,58724.45,-1.0,-0.7,30,-21.0,40.0,-61.0,TRAIL_BE,22.75
2026-01-27 14:45,2026-01-27 15:00,BUY,15.0,59068.2,59124.34,56.14,39.3,30,1179.0,40.0,1139.0,TARGET,0.0
2026-01-28 09:30,2026-01-28 10:00,SELL,30.0,59481.6,59482.6,-1.0,-0.7,30,-21.0,40.0,-61.0,TRAIL_BE,23.38
2026-01-28 10:15,2026-01-28 10:45,SELL,30.0,59446.2,59432.91,13.29,9.3,30,279.0,40.0,239.0,TRAIL_LOCK,39.13
2026-01-28 11:00,2026-01-28 11:15,BUY,15.0,59569.85,59625.99,56.14,39.3,30,1179.0,40.0,1139.0,TARGET,0.0
2026-01-28 11:30,2026-01-28 11:45,BUY,15.0,59561.8,59617.94,56.14,39.3,30,1179.0,40.0,1139.0,TARGET,0.0
2026-01-28 12:00,2026-01-28 13:30,BUY,90.0,59555.85,59340.56,-215.29,-150.7,30,-4521.0,40.0,-4561.0,STOP_LOSS,10.15
2026-01-28 13:45,2026-01-28 14:00,SELL,15.0,59352.1,59295.96,56.14,39.3,30,1179.0,40.0,1139.0,TARGET,0.0
2026-01-28 14:15,2026-01-28 14:45,SELL,30.0,59332.65,59547.94,-215.29,-150.7,30,-4521.0,40.0,-4561.0,STOP_LOSS,4.59
2026-01-29 09:30,2026-01-29 09:45,BUY,15.0,59478.8,59534.94,56.14,39.3,30,1179.0,40.0,1139.0,TARGET,0.0
2026-01-29 10:00,2026-01-29 10:30,BUY,30.0,59561.0,59574.29,13.29,9.3,30,279.0,40.0,239.0,TRAIL_LOCK,29.64
2026-01-29 10:45,2026-01-29 11:00,BUY,15.0,59645.65,59701.79,56.14,39.3,30,1179.0,40.0,1139.0,TARGET,0.0
2026-01-29 11:15,2026-01-29 11:45,BUY,30.0,59720.05,59733.34,13.29,9.3,30,279.0,40.0,239.0,TRAIL_LOCK,31.95
2026-01-29 12:00,2026-01-29 12:15,BUY,15.0,59719.1,59775.24,56.14,39.3,30,1179.0,40.0,1139.0,TARGET,0.0
2026-01-29 12:30,2026-01-29 12:45,BUY,15.0,59743.6,59799.74,56.14,39.3,30,1179.0,40.0,1139.0,TARGET,0.0
2026-01-29 13:00,2026-01-29 13:45,BUY,45.0,59865.4,59921.54,56.14,39.3,30,1179.0,40.0,1139.0,TARGET,36.29
2026-01-29 14:00,2026-01-29 14:30,BUY,30.0,59943.3,59999.44,56.14,39.3,30,1179.0,40.0,1139.0,TARGET,26.11
2026-01-29 14:45,2026-01-29 15:15,BUY,30.0,59992.2,59991.2,-1.0,-0.7,30,-21.0,40.0,-61.0,TRAIL_BE,19.11
2026-01-30 09:45,2026-01-30 10:00,BUY,15.0,59801.6,59857.74,56.14,39.3,30,1179.0,40.0,1139.0,TARGET,0.0
2026-01-30 10:15,2026-01-30 10:30,BUY,15.0,59796.3,59852.44,56.14,39.3,30,1179.0,40.0,1139.0,TARGET,0.0
2026-01-30 10:45,2026-01-30 11:15,BUY,30.0,59853.0,59852.0,-1.0,-0.7,30,-21.0,40.0,-61.0,TRAIL_BE,18.69
2026-01-30 11:30,2026-01-30 12:15,BUY,45.0,59805.9,59862.04,56.14,39.3,30,1179.0,40.0,1139.0,TARGET,8.68
2026-01-30 12:30,2026-01-30 13:15,BUY,45.0,59774.5,59559.21,-215.29,-150.7,30,-4521.0,40.0,-4561.0,STOP_LOSS,13.44
2026-01-30 13:30,2026-01-30 13:45,SELL,15.0,59727.15,59671.01,56.14,39.3,30,1179.0,40.0,1139.0,TARGET,0.0
2026-01-30 14:15,2026-01-30 14:30,SELL,15.0,59721.6,59665.46,56.14,39.3,30,1179.0,40.0,1139.0,TARGET,0.0
2026-01-30 14:45,2026-01-30 15:00,SELL,15.0,59731.55,59675.41,56.14,39.3,30,1179.0,40.0,1139.0,TARGET,0.0
2026-02-02 09:30,2026-02-02 09:45,BUY,15.0,58293.7,58349.84,56.14,39.3,30,1179.0,40.0,1139.0,TARGET,0.0
2026-02-02 10:00,2026-02-02 10:15,SELL,15.0,58253.05,58196.91,56.14,39.3,30,1179.0,40.0,1139.0,TARGET,0.0
2026-02-02 10:30,2026-02-02 10:45,SELL,15.0,58173.05,58116.91,56.14,39.3,30,1179.0,40.0,1139.0,TARGET,0.0
2026-02-02 11:00,2026-02-02 11:15,SELL,15.0,57973.45,57917.31,56.14,39.3,30,1179.0,40.0,1139.0,TARGET,0.0
2026-02-02 11:30,2026-02-02 11:45,SELL,15.0,58145.95,58089.81,56.14,39.3,30,1179.0,40.0,1139.0,TARGET,0.0
2026-02-02 12:00,2026-02-02 12:15,BUY,15.0,58251.1,58307.24,56.14,39.3,30,1179.0,40.0,1139.0,TARGET,0.0
2026-02-02 12:30,2026-02-02 12:45,BUY,15.0,58140.85,58196.99,56.14,39.3,30,1179.0,40.0,1139.0,TARGET,0.0
2026-02-02 13:00,2026-02-02 13:30,BUY,30.0,58208.65,58264.79,56.14,39.3,30,1179.0,40.0,1139.0,TARGET,10.96
2026-02-02 13:45,2026-02-02 14:15,BUY,30.0,58341.55,58340.55,-1.0,-0.7,30,-21.0,40.0,-61.0,TRAIL_BE,20.16
2026-02-02 14:30,2026-02-02 14:45,BUY,15.0,58283.15,58339.29,56.14,39.3,30,1179.0,40.0,1139.0,TARGET,0.0
2026-02-02 15:00,2026-02-02 15:15,BUY,15.0,58605.6,58661.74,56.14,39.3,30,1179.0,40.0,1139.0,TARGET,0.0
2026-02-03 09:30,2026-02-03 09:45,SELL,15.0,59945.6,59889.46,56.14,39.3,30,1179.0,40.0,1139.0,TARGET,0.0
2026-02-03 10:00,2026-02-03 10:30,SELL,30.0,59890.8,60106.09,-215.29,-150.7,30,-4521.0,40.0,-4561.0,STOP_LOSS,0.0
2026-02-03 10:45,2026-02-03 11:00,BUY,15.0,60158.95,60215.09,56.14,39.3,30,1179.0,40.0,1139.0,TARGET,0.0
2026-02-03 11:15,2026-02-03 11:30,BUY,15.0,60167.8,60223.94,56.14,39.3,30,1179.0,40.0,1139.0,TARGET,0.0
2026-02-03 11:45,2026-02-03 15:00,BUY,195.0,60195.1,59979.81,-215.29,-150.7,30,-4521.0,40.0,-4561.0,STOP_LOSS,10.96
2026-02-04 09:30,2026-02-04 09:45,BUY,15.0,60268.4,60324.54,56.14,39.3,30,1179.0,40.0,1139.0,TARGET,0.0
2026-02-04 10:00,2026-02-04 13:45,BUY,225.0,60265.4,60278.69,13.29,9.3,30,279.0,40.0,239.0,TRAIL_LOCK,27.37
2026-02-04 14:00,2026-02-04 14:15,BUY,15.0,60331.3,60387.44,56.14,39.3,30,1179.0,40.0,1139.0,TARGET,0.0
2026-02-04 14:30,2026-02-04 15:15,BUY,45.0,60364.2,60148.91,-215.29,-150.7,30,-4521.0,40.0,-4561.0,STOP_LOSS,3.43
2026-02-05 09:30,2026-02-05 09:45,SELL,15.0,60131.2,60075.06,56.14,39.3,30,1179.0,40.0,1139.0,TARGET,0.0
2026-02-05 10:00,2026-02-05 10:30,SELL,30.0,60169.55,60113.41,56.14,39.3,30,1179.0,40.0,1139.0,TARGET,29.79
2026-02-05 10:45,2026-02-05 11:15,SELL,30.0,60022.25,60023.25,-1.0,-0.7,30,-21.0,40.0,-61.0,TRAIL_BE,22.01
2026-02-05 11:30,2026-02-05 11:45,SELL,15.0,60094.4,60038.26,56.14,39.3,30,1179.0,40.0,1139.0,TARGET,0.0
2026-02-05 12:00,2026-02-05 12:30,SELL,30.0,60012.4,59999.11,13.29,9.3,30,279.0,40.0,239.0,TRAIL_LOCK,34.34
2026-02-05 12:45,2026-02-05 13:15,SELL,30.0,60033.2,60019.91,13.29,9.3,30,279.0,40.0,239.0,TRAIL_LOCK,29.4
2026-02-05 13:30,2026-02-05 13:45,SELL,15.0,60031.65,59975.51,56.14,39.3,30,1179.0,40.0,1139.0,TARGET,0.0
2026-02-05 14:00,2026-02-05 14:15,SELL,15.0,59949.7,59893.56,56.14,39.3,30,1179.0,40.0,1139.0,TARGET,0.0
2026-02-06 09:30,2026-02-06 10:00,SELL,30.0,59954.2,59898.06,56.14,39.3,30,1179.0,40.0,1139.0,TARGET,5.56
2026-02-06 10:15,2026-02-06 10:30,SELL,15.0,59821.65,59765.51,56.14,39.3,30,1179.0,40.0,1139.0,TARGET,0.0
2026-02-06 10:45,2026-02-06 11:30,SELL,45.0,59697.65,59912.94,-215.29,-150.7,30,-4521.0,40.0,-4561.0,STOP_LOSS,3.57
2026-02-06 11:45,2026-02-06 12:15,BUY,30.0,59941.4,59954.69,13.29,9.3,30,279.0,40.0,239.0,TRAIL_LOCK,37.38
2026-02-06 12:30,2026-02-06 13:30,SELL,60.0,59798.7,59799.7,-1.0,-0.7,30,-21.0,40.0,-61.0,TRAIL_BE,15.33
2026-02-06 13:45,2026-02-06 14:15,BUY,30.0,59951.45,59964.74,13.29,9.3,30,279.0,40.0,239.0,TRAIL_LOCK,37.14
2026-02-06 14:30,2026-02-06 14:45,BUY,15.0,59999.5,60055.64,56.14,39.3,30,1179.0,40.0,1139.0,TARGET,0.0
2026-02-09 09:30,2026-02-09 10:00,SELL,30.0,60616.75,60617.75,-1.0,-0.7,30,-21.0,40.0,-61.0,TRAIL_BE,16.06
2026-02-09 10:15,2026-02-09 12:45,SELL,150.0,60589.4,60590.4,-1.0,-0.7,30,-21.0,40.0,-61.0,TRAIL_BE,17.22
2026-02-09 13:00,2026-02-09 13:30,SELL,30.0,60586.85,60587.85,-1.0,-0.7,30,-21.0,40.0,-61.0,TRAIL_BE,22.4
2026-02-10 09:30,2026-02-10 10:15,BUY,45.0,60700.3,60699.3,-1.0,-0.7,30,-21.0,40.0,-61.0,TRAIL_BE,22.61
2026-02-10 10:30,2026-02-10 13:00,BUY,150.0,60761.45,60774.74,13.29,9.3,30,279.0,40.0,239.0,TRAIL_LOCK,25.27
2026-02-11 09:30,2026-02-11 10:30,SELL,60.0,60465.35,60680.64,-215.29,-150.7,30,-4521.0,40.0,-4561.0,STOP_LOSS,9.76
2026-02-11 10:45,2026-02-11 11:15,BUY,30.0,60657.2,60670.49,13.29,9.3,30,279.0,40.0,239.0,TRAIL_LOCK,26.92
2026-02-11 11:30,2026-02-11 12:00,BUY,30.0,60676.95,60690.24,13.29,9.3,30,279.0,40.0,239.0,TRAIL_LOCK,26.88
2026-02-11 12:15,2026-02-11 12:45,BUY,30.0,60649.9,60648.9,-1.0,-0.7,30,-21.0,40.0,-61.0,TRAIL_BE,17.71
2026-02-11 13:00,2026-02-11 13:30,BUY,30.0,60661.75,60717.89,56.14,39.3,30,1179.0,40.0,1139.0,TARGET,29.33
2026-02-11 13:45,2026-02-11 14:15,BUY,30.0,60705.25,60718.54,13.29,9.3,30,279.0,40.0,239.0,TRAIL_LOCK,29.4
2026-02-11 14:30,2026-02-11 15:00,BUY,30.0,60724.55,60723.55,-1.0,-0.7,30,-21.0,40.0,-61.0,TRAIL_BE,15.68
2026-02-12 09:30,2026-02-12 10:00,BUY,30.0,60790.7,60789.7,-1.0,-0.7,30,-21.0,40.0,-61.0,TRAIL_BE,24.99
2026-02-12 10:15,2026-02-12 11:15,BUY,60.0,60841.7,60840.7,-1.0,-0.7,30,-21.0,40.0,-61.0,TRAIL_BE,15.89
2026-02-12 11:30,2026-02-12 11:45,SELL,15.0,60793.0,60736.86,56.14,39.3,30,1179.0,40.0,1139.0,TARGET,0.0
2026-02-12 12:00,2026-02-12 14:45,SELL,165.0,60710.05,60653.91,56.14,39.3,30,1179.0,40.0,1139.0,TARGET,22.16
2026-02-13 09:30,2026-02-13 10:00,SELL,30.0,60510.15,60496.86,13.29,9.3,30,279.0,40.0,239.0,TRAIL_LOCK,36.75
2026-02-13 10:15,2026-02-13 10:45,SELL,30.0,60417.95,60361.81,56.14,39.3,30,1179.0,40.0,1139.0,TARGET,13.09
2026-02-13 11:00,2026-02-13 11:15,SELL,15.0,60313.6,60257.46,56.14,39.3,30,1179.0,40.0,1139.0,TARGET,0.0
2026-02-13 11:30,2026-02-13 12:00,SELL,30.0,60298.95,60285.66,13.29,9.3,30,279.0,40.0,239.0,TRAIL_LOCK,29.89
2026-02-13 12:15,2026-02-13 12:45,SELL,30.0,60357.7,60358.7,-1.0,-0.7,30,-21.0,40.0,-61.0,TRAIL_BE,18.51
2026-02-13 13:00,2026-02-13 13:15,SELL,15.0,60351.05,60294.91,56.14,39.3,30,1179.0,40.0,1139.0,TARGET,0.0
2026-02-13 13:30,2026-02-13 13:45,SELL,15.0,60300.45,60244.31,56.14,39.3,30,1179.0,40.0,1139.0,TARGET,0.0
2026-02-13 14:00,2026-02-13 14:30,SELL,30.0,60296.15,60297.15,-1.0,-0.7,30,-21.0,40.0,-61.0,TRAIL_BE,15.51
2026-02-13 14:45,2026-02-13 15:15,SELL,30.0,60289.45,60233.31,56.14,39.3,30,1179.0,40.0,1139.0,TARGET,32.62
2026-02-16 09:30,2026-02-16 09:45,BUY,15.0,60223.0,60279.14,56.14,39.3,30,1179.0,40.0,1139.0,TARGET,0.0
2026-02-16 10:00,2026-02-16 10:30,BUY,30.0,60441.15,60440.15,-1.0,-0.7,30,-21.0,40.0,-61.0,TRAIL_BE,21.7
2026-02-16 10:45,2026-02-16 11:15,BUY,30.0,60428.45,60441.74,13.29,9.3,30,279.0,40.0,239.0,TRAIL_LOCK,32.94
2026-02-16 11:30,2026-02-16 12:00,BUY,30.0,60420.1,60476.24,56.14,39.3,30,1179.0,40.0,1139.0,TARGET,27.37
2026-02-16 12:15,2026-02-16 12:30,BUY,15.0,60623.6,60679.74,56.14,39.3,30,1179.0,40.0,1139.0,TARGET,0.0
2026-02-16 12:45,2026-02-16 13:00,BUY,15.0,60651.0,60707.14,56.14,39.3,30,1179.0,40.0,1139.0,TARGET,0.0
2026-02-16 13:15,2026-02-16 13:30,BUY,15.0,60728.25,60784.39,56.14,39.3,30,1179.0,40.0,1139.0,TARGET,0.0
2026-02-16 13:45,2026-02-16 14:00,BUY,15.0,60727.95,60784.09,56.14,39.3,30,1179.0,40.0,1139.0,TARGET,0.0
2026-02-16 14:15,2026-02-16 14:45,BUY,30.0,60809.75,60865.89,56.14,39.3,30,1179.0,40.0,1139.0,TARGET,27.65
2026-02-16 15:00,2026-02-16 15:15,BUY,15.0,60932.5,60988.64,56.14,39.3,30,1179.0,40.0,1139.0,TARGET,0.0
2026-02-17 09:30,2026-02-17 09:45,SELL,15.0,60747.65,60691.51,56.14,39.3,30,1179.0,40.0,1139.0,TARGET,0.0
2026-02-17 10:00,2026-02-17 10:15,BUY,15.0,60879.2,60935.34,56.14,39.3,30,1179.0,40.0,1139.0,TARGET,0.0
2026-02-17 10:30,2026-02-17 11:00,BUY,30.0,60968.65,60981.94,13.29,9.3,30,279.0,40.0,239.0,TRAIL_LOCK,33.39
2026-02-17 11:15,2026-02-17 11:30,BUY,15.0,61051.95,61108.09,56.14,39.3,30,1179.0,40.0,1139.0,TARGET,0.0
2026-02-17 11:45,2026-02-17 12:15,BUY,30.0,61130.55,61129.55,-1.0,-0.7,30,-21.0,40.0,-61.0,TRAIL_BE,22.61
2026-02-17 12:30,2026-02-17 13:00,BUY,30.0,61163.05,61162.05,-1.0,-0.7,30,-21.0,40.0,-61.0,TRAIL_BE,23.31
2026-02-17 13:15,2026-02-17 13:30,BUY,15.0,61178.15,61234.29,56.14,39.3,30,1179.0,40.0,1139.0,TARGET,0.0
2026-02-17 13:45,2026-02-17 14:00,BUY,15.0,61090.8,61146.94,56.14,39.3,30,1179.0,40.0,1139.0,TARGET,0.0
2026-02-17 14:15,2026-02-17 14:30,BUY,15.0,61108.3,61164.44,56.14,39.3,30,1179.0,40.0,1139.0,TARGET,0.0
2026-02-17 14:45,2026-02-17 15:00,BUY,15.0,61132.3,61188.44,56.14,39.3,30,1179.0,40.0,1139.0,TARGET,0.0
2026-02-18 09:30,2026-02-18 12:30,BUY,180.0,61292.55,61348.69,56.14,39.3,30,1179.0,40.0,1139.0,TARGET,10.81
2026-02-18 12:45,2026-02-18 13:15,BUY,30.0,61331.35,61330.35,-1.0,-0.7,30,-21.0,40.0,-61.0,TRAIL_BE,17.47
2026-02-18 13:30,2026-02-18 14:00,BUY,30.0,61330.7,61329.7,-1.0,-0.7,30,-21.0,40.0,-61.0,TRAIL_BE,22.72
2026-02-18 14:15,2026-02-18 14:45,BUY,30.0,61487.5,61486.5,-1.0,-0.7,30,-21.0,40.0,-61.0,TRAIL_BE,15.61
2026-02-19 09:30,2026-02-19 10:00,SELL,30.0,61460.2,61461.2,-1.0,-0.7,30,-21.0,40.0,-61.0,TRAIL_BE,15.82
2026-02-19 10:15,2026-02-19 10:30,SELL,15.0,61365.7,61309.56,56.14,39.3,30,1179.0,40.0,1139.0,TARGET,0.0
2026-02-19 10:45,2026-02-19 11:15,SELL,30.0,61366.25,61310.11,56.14,39.3,30,1179.0,40.0,1139.0,TARGET,37.91
2026-02-19 11:30,2026-02-19 12:00,SELL,30.0,61233.7,61177.56,56.14,39.3,30,1179.0,40.0,1139.0,TARGET,38.22
2026-02-19 12:15,2026-02-19 12:30,SELL,15.0,61117.55,61061.41,56.14,39.3,30,1179.0,40.0,1139.0,TARGET,0.0
2026-02-19 12:45,2026-02-19 13:15,SELL,30.0,61030.25,61031.25,-1.0,-0.7,30,-21.0,40.0,-61.0,TRAIL_BE,22.22
2026-02-19 13:30,2026-02-19 13:45,SELL,15.0,61039.75,60983.61,56.14,39.3,30,1179.0,40.0,1139.0,TARGET,0.0
2026-02-19 14:00,2026-02-19 14:30,SELL,30.0,60985.3,60972.01,13.29,9.3,30,279.0,40.0,239.0,TRAIL_LOCK,36.44
2026-02-19 14:45,2026-02-19 15:00,SELL,15.0,60860.15,60804.01,56.14,39.3,30,1179.0,40.0,1139.0,TARGET,0.0
2026-02-20 09:30,2026-02-20 09:45,BUY,15.0,60983.8,61039.94,56.14,39.3,30,1179.0,40.0,1139.0,TARGET,0.0
2026-02-20 10:00,2026-02-20 10:15,BUY,15.0,61007.6,61063.74,56.14,39.3,30,1179.0,40.0,1139.0,TARGET,0.0
2026-02-20 10:30,2026-02-20 11:00,BUY,30.0,61178.85,61177.85,-1.0,-0.7,30,-21.0,40.0,-61.0,TRAIL_BE,24.96
2026-02-20 11:15,2026-02-20 11:45,BUY,30.0,61180.95,61194.24,13.29,9.3,30,279.0,40.0,239.0,TRAIL_LOCK,30.7
2026-02-20 12:00,2026-02-20 12:15,BUY,15.0,61177.55,61233.69,56.14,39.3,30,1179.0,40.0,1139.0,TARGET,0.0
2026-02-20 12:30,2026-02-20 13:00,BUY,30.0,61234.55,61019.26,-215.29,-150.7,30,-4521.0,40.0,-4561.0,STOP_LOSS,14.14
2026-02-20 13:15,2026-02-20 13:45,SELL,30.0,61143.0,61144.0,-1.0,-0.7,30,-21.0,40.0,-61.0,TRAIL_BE,23.34
2026-02-20 14:00,2026-02-20 14:30,BUY,30.0,61246.45,61259.74,13.29,9.3,30,279.0,40.0,239.0,TRAIL_LOCK,28.87
2026-02-23 09:30,2026-02-23 09:45,BUY,15.0,61242.85,61298.99,56.14,39.3,30,1179.0,40.0,1139.0,TARGET,0.0
2026-02-23 10:00,2026-02-23 10:30,SELL,30.0,61299.4,61286.11,13.29,9.3,30,279.0,40.0,239.0,TRAIL_LOCK,31.96
2026-02-23 10:45,2026-02-23 11:15,SELL,30.0,61230.55,61217.26,13.29,9.3,30,279.0,40.0,239.0,TRAIL_LOCK,38.36
2026-02-23 11:30,2026-02-23 11:45,SELL,15.0,61182.25,61126.11,56.14,39.3,30,1179.0,40.0,1139.0,TARGET,0.0
2026-02-23 12:00,2026-02-23 12:15,SELL,15.0,61151.6,61095.46,56.14,39.3,30,1179.0,40.0,1139.0,TARGET,0.0
2026-02-23 12:30,2026-02-23 12:45,SELL,15.0,61179.15,61123.01,56.14,39.3,30,1179.0,40.0,1139.0,TARGET,0.0
2026-02-23 13:00,2026-02-23 13:30,SELL,30.0,61074.9,61061.61,13.29,9.3,30,279.0,40.0,239.0,TRAIL_LOCK,32.02
2026-02-23 13:45,2026-02-23 14:00,SELL,15.0,61105.85,61049.71,56.14,39.3,30,1179.0,40.0,1139.0,TARGET,0.0
2026-02-23 14:15,2026-02-23 14:45,SELL,30.0,61166.45,61167.45,-1.0,-0.7,30,-21.0,40.0,-61.0,TRAIL_BE,19.95
2026-02-24 09:30,2026-02-24 10:30,SELL,60.0,61211.9,61212.9,-1.0,-0.7,30,-21.0,40.0,-61.0,TRAIL_BE,16.49
2026-02-24 10:45,2026-02-24 11:15,SELL,30.0,61181.35,61396.64,-215.29,-150.7,30,-4521.0,40.0,-4561.0,STOP_LOSS,0.0
2026-02-24 11:30,2026-02-24 12:15,BUY,45.0,61330.6,61115.31,-215.29,-150.7,30,-4521.0,40.0,-4561.0,STOP_LOSS,0.0
2026-02-24 12:30,2026-02-24 12:45,SELL,15.0,61014.4,60958.26,56.14,39.3,30,1179.0,40.0,1139.0,TARGET,0.0
2026-02-24 13:00,2026-02-24 13:15,SELL,15.0,61046.05,60989.91,56.14,39.3,30,1179.0,40.0,1139.0,TARGET,0.0
2026-02-24 13:30,2026-02-24 14:00,SELL,30.0,60923.35,60924.35,-1.0,-0.7,30,-21.0,40.0,-61.0,TRAIL_BE,20.65
2026-02-24 14:15,2026-02-24 14:30,SELL,15.0,61048.7,60992.56,56.14,39.3,30,1179.0,40.0,1139.0,TARGET,0.0
2026-02-24 14:45,2026-02-24 15:00,SELL,15.0,61092.0,61035.86,56.14,39.3,30,1179.0,40.0,1139.0,TARGET,0.0
2026-02-25 09:30,2026-02-25 10:00,BUY,30.0,61207.5,61220.79,13.29,9.3,30,279.0,40.0,239.0,TRAIL_LOCK,26.74
2026-02-25 10:15,2026-02-25 10:45,BUY,30.0,61222.45,61235.74,13.29,9.3,30,279.0,40.0,239.0,TRAIL_LOCK,37.0
2026-02-25 11:00,2026-02-25 11:30,SELL,30.0,61129.9,61116.61,13.29,9.3,30,279.0,40.0,239.0,TRAIL_LOCK,27.09
2026-02-25 11:45,2026-02-25 12:30,SELL,45.0,61086.85,61030.71,56.14,39.3,30,1179.0,40.0,1139.0,TARGET,13.86
2026-02-25 12:45,2026-02-25 13:00,SELL,15.0,60900.25,60844.11,56.14,39.3,30,1179.0,40.0,1139.0,TARGET,0.0
2026-02-25 13:15,2026-02-25 13:45,SELL,30.0,60921.85,60908.56,13.29,9.3,30,279.0,40.0,239.0,TRAIL_LOCK,35.7
2026-02-26 09:30,2026-02-26 11:45,BUY,135.0,61207.05,60991.76,-215.29,-150.7,30,-4521.0,40.0,-4561.0,STOP_LOSS,10.88
2026-02-26 12:00,2026-02-26 12:15,SELL,15.0,60953.85,60897.71,56.14,39.3,30,1179.0,40.0,1139.0,TARGET,0.0
2026-02-26 12:30,2026-02-26 12:45,SELL,15.0,60947.6,60891.46,56.14,39.3,30,1179.0,40.0,1139.0,TARGET,0.0
2026-02-26 13:00,2026-02-26 13:30,SELL,30.0,60887.8,60888.8,-1.0,-0.7,30,-21.0,40.0,-61.0,TRAIL_BE,17.54
2026-02-26 13:45,2026-02-26 14:00,SELL,15.0,60931.1,60874.96,56.14,39.3,30,1179.0,40.0,1139.0,TARGET,0.0
2026-02-26 14:15,2026-02-26 14:45,SELL,30.0,60964.85,60965.85,-1.0,-0.7,30,-21.0,40.0,-61.0,TRAIL_BE,18.2
2026-02-27 09:30,2026-02-27 09:45,SELL,15.0,60848.65,60792.51,56.14,39.3,30,1179.0,40.0,1139.0,TARGET,0.0
2026-02-27 10:00,2026-02-27 10:30,SELL,30.0,60716.45,60703.16,13.29,9.3,30,279.0,40.0,239.0,TRAIL_LOCK,36.4
2026-02-27 10:45,2026-02-27 11:30,SELL,45.0,60699.0,60642.86,56.14,39.3,30,1179.0,40.0,1139.0,TARGET,6.06
2026-02-27 11:45,2026-02-27 12:30,SELL,45.0,60729.1,60715.81,13.29,9.3,30,279.0,40.0,239.0,TRAIL_LOCK,37.45
2026-02-27 12:45,2026-02-27 13:30,SELL,45.0,60711.0,60712.0,-1.0,-0.7,30,-21.0,40.0,-61.0,TRAIL_BE,20.76
2026-02-27 13:45,2026-02-27 14:15,BUY,30.0,60842.5,60841.5,-1.0,-0.7,30,-21.0,40.0,-61.0,TRAIL_BE,15.54
2026-02-27 14:30,2026-02-27 15:00,SELL,30.0,60760.9,60704.76,56.14,39.3,30,1179.0,40.0,1139.0,TARGET,1.22
2026-03-02 09:30,2026-03-02 10:00,BUY,30.0,60112.8,59897.51,-215.29,-150.7,30,-4521.0,40.0,-4561.0,STOP_LOSS,6.47
2026-03-02 10:15,2026-03-02 10:30,SELL,15.0,59823.2,59767.06,56.14,39.3,30,1179.0,40.0,1139.0,TARGET,0.0
2026-03-02 10:45,2026-03-02 12:00,SELL,75.0,59817.2,59761.06,56.14,39.3,30,1179.0,40.0,1139.0,TARGET,39.41
2026-03-02 12:15,2026-03-02 12:30,SELL,15.0,59755.1,59698.96,56.14,39.3,30,1179.0,40.0,1139.0,TARGET,0.0
2026-03-02 12:45,2026-03-02 13:15,SELL,30.0,59664.55,59651.26,13.29,9.3,30,279.0,40.0,239.0,TRAIL_LOCK,31.4
2026-03-02 13:30,2026-03-02 13:45,SELL,15.0,59543.05,59486.91,56.14,39.3,30,1179.0,40.0,1139.0,TARGET,0.0
2026-03-02 14:00,2026-03-02 14:15,SELL,15.0,59722.25,59666.11,56.14,39.3,30,1179.0,40.0,1139.0,TARGET,0.0
2026-03-02 14:30,2026-03-02 14:45,SELL,15.0,59825.2,59769.06,56.14,39.3,30,1179.0,40.0,1139.0,TARGET,0.0
2026-03-04 09:30,2026-03-04 10:00,BUY,30.0,58748.85,58533.56,-215.29,-150.7,30,-4521.0,40.0,-4561.0,STOP_LOSS,3.32
2026-03-04 10:15,2026-03-04 11:15,BUY,60.0,58652.7,58651.7,-1.0,-0.7,30,-21.0,40.0,-61.0,TRAIL_BE,23.7
2026-03-04 11:30,2026-03-04 12:15,SELL,45.0,58522.0,58508.71,13.29,9.3,30,279.0,40.0,239.0,TRAIL_LOCK,29.92
2026-03-04 12:30,2026-03-04 13:00,SELL,30.0,58533.7,58534.7,-1.0,-0.7,30,-21.0,40.0,-61.0,TRAIL_BE,15.22
2026-03-04 13:15,2026-03-04 14:00,BUY,45.0,58695.65,58751.79,56.14,39.3,30,1179.0,40.0,1139.0,TARGET,10.88
2026-03-04 14:15,2026-03-04 14:30,BUY,15.0,58875.15,58931.29,56.14,39.3,30,1179.0,40.0,1139.0,TARGET,0.0
2026-03-04 14:45,2026-03-04 15:00,BUY,15.0,58966.95,58751.66,-215.29,-150.7,30,-4521.0,40.0,-4561.0,STOP_LOSS,0.0
2026-03-05 09:30,2026-03-05 10:00,BUY,30.0,58998.65,59011.94,13.29,9.3,30,279.0,40.0,239.0,TRAIL_LOCK,33.21
2026-03-05 10:15,2026-03-05 10:30,SELL,15.0,58920.85,58864.71,56.14,39.3,30,1179.0,40.0,1139.0,TARGET,0.0
2026-03-05 10:45,2026-03-05 11:00,BUY,15.0,58993.55,59049.69,56.14,39.3,30,1179.0,40.0,1139.0,TARGET,0.0
2026-03-05 11:15,2026-03-05 11:45,BUY,30.0,58977.7,58762.41,-215.29,-150.7,30,-4521.0,40.0,-4561.0,STOP_LOSS,0.0
2026-03-05 12:00,2026-03-05 12:15,SELL,15.0,58780.0,58723.86,56.14,39.3,30,1179.0,40.0,1139.0,TARGET,0.0
2026-03-05 12:30,2026-03-05 12:45,SELL,15.0,58811.95,58755.81,56.14,39.3,30,1179.0,40.0,1139.0,TARGET,0.0
2026-03-05 13:00,2026-03-05 13:15,SELL,15.0,58849.95,58793.81,56.14,39.3,30,1179.0,40.0,1139.0,TARGET,0.0
2026-03-05 13:30,2026-03-05 13:45,SELL,15.0,58685.15,58629.01,56.14,39.3,30,1179.0,40.0,1139.0,TARGET,0.0
2026-03-05 14:00,2026-03-05 14:30,SELL,30.0,58558.5,58545.21,13.29,9.3,30,279.0,40.0,239.0,TRAIL_LOCK,36.47
2026-03-05 14:45,2026-03-05 15:00,BUY,15.0,59258.7,59043.41,-215.29,-150.7,30,-4521.0,40.0,-4561.0,STOP_LOSS,0.0
2026-03-06 09:30,2026-03-06 09:45,SELL,15.0,58604.55,58548.41,56.14,39.3,30,1179.0,40.0,1139.0,TARGET,0.0
2026-03-06 10:00,2026-03-06 10:15,SELL,15.0,58444.65,58388.51,56.14,39.3,30,1179.0,40.0,1139.0,TARGET,0.0
2026-03-06 10:30,2026-03-06 10:45,SELL,15.0,58412.25,58356.11,56.14,39.3,30,1179.0,40.0,1139.0,TARGET,0.0
2026-03-06 11:00,2026-03-06 11:15,SELL,15.0,58367.75,58311.61,56.14,39.3,30,1179.0,40.0,1139.0,TARGET,0.0
2026-03-06 11:30,2026-03-06 12:00,SELL,30.0,58375.9,58362.61,13.29,9.3,30,279.0,40.0,239.0,TRAIL_LOCK,29.82
2026-03-06 12:15,2026-03-06 14:00,SELL,105.0,58234.35,58221.06,13.29,9.3,30,279.0,40.0,239.0,TRAIL_LOCK,27.47
2026-03-06 14:15,2026-03-06 14:30,SELL,15.0,58230.85,58174.71,56.14,39.3,30,1179.0,40.0,1139.0,TARGET,0.0
2026-03-06 14:45,2026-03-06 15:00,SELL,15.0,57943.9,57887.76,56.14,39.3,30,1179.0,40.0,1139.0,TARGET,0.0
2026-03-09 09:30,2026-03-09 09:45,SELL,15.0,55369.3,55313.16,56.14,39.3,30,1179.0,40.0,1139.0,TARGET,0.0
2026-03-09 10:00,2026-03-09 10:15,SELL,15.0,55521.4,55465.26,56.14,39.3,30,1179.0,40.0,1139.0,TARGET,0.0
2026-03-09 10:30,2026-03-09 10:45,SELL,15.0,55365.85,55581.14,-215.29,-150.7,30,-4521.0,40.0,-4561.0,STOP_LOSS,0.0
2026-03-09 11:00,2026-03-09 11:15,BUY,15.0,55606.45,55662.59,56.14,39.3,30,1179.0,40.0,1139.0,TARGET,0.0
2026-03-09 11:30,2026-03-09 13:30,BUY,120.0,55825.3,55881.44,56.14,39.3,30,1179.0,40.0,1139.0,TARGET,13.79
2026-03-09 13:45,2026-03-09 14:30,BUY,45.0,55701.65,55714.94,13.29,9.3,30,279.0,40.0,239.0,TRAIL_LOCK,35.24
2026-03-09 14:45,2026-03-09 15:00,BUY,15.0,55926.25,55982.39,56.14,39.3,30,1179.0,40.0,1139.0,TARGET,0.0
2026-03-10 09:30,2026-03-10 09:45,SELL,15.0,56545.85,56489.71,56.14,39.3,30,1179.0,40.0,1139.0,TARGET,0.0
2026-03-10 10:00,2026-03-10 10:15,BUY,15.0,56660.0,56716.14,56.14,39.3,30,1179.0,40.0,1139.0,TARGET,0.0
2026-03-10 10:30,2026-03-10 10:45,BUY,15.0,56872.5,56928.64,56.14,39.3,30,1179.0,40.0,1139.0,TARGET,0.0
2026-03-10 11:00,2026-03-10 11:15,BUY,15.0,56871.05,56927.19,56.14,39.3,30,1179.0,40.0,1139.0,TARGET,0.0
2026-03-10 11:30,2026-03-10 12:15,BUY,45.0,56978.65,56763.36,-215.29,-150.7,30,-4521.0,40.0,-4561.0,STOP_LOSS,5.63
2026-03-10 12:30,2026-03-10 12:45,SELL,15.0,56708.75,56924.04,-215.29,-150.7,30,-4521.0,40.0,-4561.0,STOP_LOSS,0.0
2026-03-10 13:00,2026-03-10 13:30,BUY,30.0,56825.35,56824.35,-1.0,-0.7,30,-21.0,40.0,-61.0,TRAIL_BE,20.02
2026-03-10 13:45,2026-03-10 14:00,BUY,15.0,56900.05,56956.19,56.14,39.3,30,1179.0,40.0,1139.0,TARGET,0.0
2026-03-10 14:15,2026-03-10 15:00,BUY,45.0,56923.4,56922.4,-1.0,-0.7,30,-21.0,40.0,-61.0,TRAIL_BE,24.43
2026-03-11 09:30,2026-03-11 09:45,SELL,15.0,56663.0,56606.86,56.14,39.3,30,1179.0,40.0,1139.0,TARGET,0.0
2026-03-11 10:00,2026-03-11 10:30,SELL,30.0,56540.7,56541.7,-1.0,-0.7,30,-21.0,40.0,-61.0,TRAIL_BE,23.9
2026-03-11 10:45,2026-03-11 11:00,SELL,15.0,56424.15,56368.01,56.14,39.3,30,1179.0,40.0,1139.0,TARGET,0.0
2026-03-11 11:15,2026-03-11 11:30,SELL,15.0,56164.1,56107.96,56.14,39.3,30,1179.0,40.0,1139.0,TARGET,0.0
2026-03-11 11:45,2026-03-11 12:45,SELL,60.0,56057.2,56043.91,13.29,9.3,30,279.0,40.0,239.0,TRAIL_LOCK,36.19
2026-03-11 13:00,2026-03-11 13:30,SELL,30.0,55951.25,55937.96,13.29,9.3,30,279.0,40.0,239.0,TRAIL_LOCK,37.34
2026-03-11 13:45,2026-03-11 14:00,SELL,15.0,56026.1,55969.96,56.14,39.3,30,1179.0,40.0,1139.0,TARGET,0.0
2026-03-11 14:15,2026-03-11 14:30,SELL,15.0,56063.2,56007.06,56.14,39.3,30,1179.0,40.0,1139.0,TARGET,0.0
2026-03-11 14:45,2026-03-11 15:00,SELL,15.0,55800.45,55744.31,56.14,39.3,30,1179.0,40.0,1139.0,TARGET,0.0
2026-03-12 09:30,2026-03-12 09:45,BUY,15.0,54965.05,55021.19,56.14,39.3,30,1179.0,40.0,1139.0,TARGET,0.0
2026-03-12 10:00,2026-03-12 10:15,BUY,15.0,55014.25,55070.39,56.14,39.3,30,1179.0,40.0,1139.0,TARGET,0.0
2026-03-12 10:30,2026-03-12 10:45,BUY,15.0,55195.8,55251.94,56.14,39.3,30,1179.0,40.0,1139.0,TARGET,0.0
2026-03-12 11:00,2026-03-12 11:15,BUY,15.0,55268.7,55053.41,-215.29,-150.7,30,-4521.0,40.0,-4561.0,STOP_LOSS,0.0
2026-03-12 11:30,2026-03-12 11:45,SELL,15.0,55120.0,55063.86,56.14,39.3,30,1179.0,40.0,1139.0,TARGET,0.0
2026-03-12 12:00,2026-03-12 12:15,BUY,15.0,55233.95,55290.09,56.14,39.3,30,1179.0,40.0,1139.0,TARGET,0.0
2026-03-12 12:30,2026-03-12 13:00,BUY,30.0,55201.9,55200.9,-1.0,-0.7,30,-21.0,40.0,-61.0,TRAIL_BE,24.61
2026-03-12 13:15,2026-03-12 13:30,BUY,15.0,55410.65,55466.79,56.14,39.3,30,1179.0,40.0,1139.0,TARGET,0.0
2026-03-12 13:45,2026-03-12 14:00,BUY,15.0,55354.25,55410.39,56.14,39.3,30,1179.0,40.0,1139.0,TARGET,0.0
2026-03-12 14:15,2026-03-12 14:45,BUY,30.0,55317.4,55330.69,13.29,9.3,30,279.0,40.0,239.0,TRAIL_LOCK,38.64
2026-03-13 09:30,2026-03-13 09:45,SELL,15.0,54411.85,54355.71,56.14,39.3,30,1179.0,40.0,1139.0,TARGET,0.0
2026-03-13 10:00,2026-03-13 10:15,SELL,15.0,54147.15,54091.01,56.14,39.3,30,1179.0,40.0,1139.0,TARGET,0.0
2026-03-13 10:30,2026-03-13 10:45,SELL,15.0,54027.95,53971.81,56.14,39.3,30,1179.0,40.0,1139.0,TARGET,0.0
2026-03-13 11:00,2026-03-13 11:30,SELL,30.0,54056.35,54043.06,13.29,9.3,30,279.0,40.0,239.0,TRAIL_LOCK,29.61
2026-03-13 11:45,2026-03-13 12:00,SELL,15.0,54125.4,54069.26,56.14,39.3,30,1179.0,40.0,1139.0,TARGET,0.0
2026-03-13 12:15,2026-03-13 12:30,SELL,15.0,53934.1,53877.96,56.14,39.3,30,1179.0,40.0,1139.0,TARGET,0.0
2026-03-13 12:45,2026-03-13 13:00,SELL,15.0,53966.8,53910.66,56.14,39.3,30,1179.0,40.0,1139.0,TARGET,0.0
2026-03-13 13:15,2026-03-13 13:30,SELL,15.0,53848.5,53792.36,56.14,39.3,30,1179.0,40.0,1139.0,TARGET,0.0
2026-03-13 13:45,2026-03-13 14:00,SELL,15.0,53694.4,53909.69,-215.29,-150.7,30,-4521.0,40.0,-4561.0,STOP_LOSS,0.0
2026-03-13 14:15,2026-03-13 14:45,SELL,30.0,53945.7,53889.56,56.14,39.3,30,1179.0,40.0,1139.0,TARGET,1.47
2026-03-13 15:00,2026-03-13 15:15,SELL,15.0,53780.3,53724.16,56.14,39.3,30,1179.0,40.0,1139.0,TARGET,0.0
2026-03-16 09:30,2026-03-16 09:45,BUY,15.0,54049.35,54105.49,56.14,39.3,30,1179.0,40.0,1139.0,TARGET,0.0
2026-03-16 10:00,2026-03-16 10:15,SELL,15.0,53828.55,53772.41,56.14,39.3,30,1179.0,40.0,1139.0,TARGET,0.0
2026-03-16 10:30,2026-03-16 10:45,SELL,15.0,53524.5,53468.36,56.14,39.3,30,1179.0,40.0,1139.0,TARGET,0.0
2026-03-16 11:00,2026-03-16 11:15,SELL,15.0,53592.55,53807.84,-215.29,-150.7,30,-4521.0,40.0,-4561.0,STOP_LOSS,0.0
2026-03-16 11:30,2026-03-16 12:00,BUY,30.0,53749.9,53748.9,-1.0,-0.7,30,-21.0,40.0,-61.0,TRAIL_BE,24.96
2026-03-16 12:15,2026-03-16 12:30,SELL,15.0,53744.45,53688.31,56.14,39.3,30,1179.0,40.0,1139.0,TARGET,0.0
2026-03-16 12:45,2026-03-16 13:00,SELL,15.0,53609.15,53553.01,56.14,39.3,30,1179.0,40.0,1139.0,TARGET,0.0
2026-03-16 13:15,2026-03-16 13:45,SELL,30.0,53637.85,53624.56,13.29,9.3,30,279.0,40.0,239.0,TRAIL_LOCK,30.48
2026-03-16 14:00,2026-03-16 14:15,SELL,15.0,53715.35,53930.64,-215.29,-150.7,30,-4521.0,40.0,-4561.0,STOP_LOSS,0.0
2026-03-16 14:30,2026-03-16 14:45,BUY,15.0,54417.65,54473.79,56.14,39.3,30,1179.0,40.0,1139.0,TARGET,0.0
2026-03-16 15:00,2026-03-16 15:15,BUY,15.0,54493.55,54278.26,-215.29,-150.7,30,-4521.0,40.0,-4561.0,STOP_LOSS,0.0
2026-03-17 09:30,2026-03-17 09:45,SELL,15.0,54313.0,54256.86,56.14,39.3,30,1179.0,40.0,1139.0,TARGET,0.0
2026-03-17 10:00,2026-03-17 10:15,BUY,15.0,54483.2,54539.34,56.14,39.3,30,1179.0,40.0,1139.0,TARGET,0.0
2026-03-17 10:30,2026-03-17 10:45,BUY,15.0,54392.8,54448.94,56.14,39.3,30,1179.0,40.0,1139.0,TARGET,0.0
2026-03-17 11:00,2026-03-17 11:30,BUY,30.0,54369.8,54368.8,-1.0,-0.7,30,-21.0,40.0,-61.0,TRAIL_BE,20.37
2026-03-17 11:45,2026-03-17 12:15,SELL,30.0,54329.8,54316.51,13.29,9.3,30,279.0,40.0,239.0,TRAIL_LOCK,25.17
2026-03-17 12:30,2026-03-17 13:15,SELL,45.0,54437.55,54652.84,-215.29,-150.7,30,-4521.0,40.0,-4561.0,STOP_LOSS,14.77
2026-03-17 13:30,2026-03-17 13:45,BUY,15.0,54576.25,54632.39,56.14,39.3,30,1179.0,40.0,1139.0,TARGET,0.0
2026-03-17 14:00,2026-03-17 14:45,BUY,45.0,54780.05,54779.05,-1.0,-0.7,30,-21.0,40.0,-61.0,TRAIL_BE,21.14
2026-03-18 09:30,2026-03-18 09:45,BUY,15.0,54973.85,55029.99,56.14,39.3,30,1179.0,40.0,1139.0,TARGET,0.0
2026-03-18 10:00,2026-03-18 10:30,SELL,30.0,54786.25,55001.54,-215.29,-150.7,30,-4521.0,40.0,-4561.0,STOP_LOSS,11.76
2026-03-18 10:45,2026-03-18 11:15,BUY,30.0,55012.9,55026.19,13.29,9.3,30,279.0,40.0,239.0,TRAIL_LOCK,34.37
2026-03-18 11:30,2026-03-18 13:30,BUY,120.0,55287.55,55343.69,56.14,39.3,30,1179.0,40.0,1139.0,TARGET,36.5
2026-03-18 13:45,2026-03-18 14:15,BUY,30.0,55433.6,55432.6,-1.0,-0.7,30,-21.0,40.0,-61.0,TRAIL_BE,23.49
2026-03-18 14:30,2026-03-18 14:45,BUY,15.0,55339.75,55395.89,56.14,39.3,30,1179.0,40.0,1139.0,TARGET,0.0
2026-03-19 09:30,2026-03-19 09:45,BUY,15.0,53814.5,53599.21,-215.29,-150.7,30,-4521.0,40.0,-4561.0,STOP_LOSS,0.0
2026-03-19 10:00,2026-03-19 10:15,SELL,15.0,53638.9,53582.76,56.14,39.3,30,1179.0,40.0,1139.0,TARGET,0.0
2026-03-19 10:30,2026-03-19 11:00,BUY,30.0,53903.8,53917.09,13.29,9.3,30,279.0,40.0,239.0,TRAIL_LOCK,38.74
2026-03-19 11:15,2026-03-19 12:00,SELL,45.0,53771.95,53987.24,-215.29,-150.7,30,-4521.0,40.0,-4561.0,STOP_LOSS,9.83
2026-03-19 12:15,2026-03-19 12:30,BUY,15.0,54025.05,54081.19,56.14,39.3,30,1179.0,40.0,1139.0,TARGET,0.0
2026-03-19 12:45,2026-03-19 13:15,BUY,30.0,54131.2,53915.91,-215.29,-150.7,30,-4521.0,40.0,-4561.0,STOP_LOSS,3.22
2026-03-19 13:30,2026-03-19 14:00,BUY,30.0,53933.45,53718.16,-215.29,-150.7,30,-4521.0,40.0,-4561.0,STOP_LOSS,5.07
2026-03-19 14:15,2026-03-19 14:30,SELL,15.0,53685.9,53629.76,56.14,39.3,30,1179.0,40.0,1139.0,TARGET,0.0
2026-03-19 14:45,2026-03-19 15:15,SELL,30.0,53283.85,53270.56,13.29,9.3,30,279.0,40.0,239.0,TRAIL_LOCK,30.27
2026-03-20 09:30,2026-03-20 09:45,BUY,15.0,54158.45,54214.59,56.14,39.3,30,1179.0,40.0,1139.0,TARGET,0.0
2026-03-20 10:00,2026-03-20 10:15,SELL,15.0,54014.45,53958.31,56.14,39.3,30,1179.0,40.0,1139.0,TARGET,0.0
2026-03-20 10:30,2026-03-20 11:00,SELL,30.0,54062.1,54063.1,-1.0,-0.7,30,-21.0,40.0,-61.0,TRAIL_BE,21.49
2026-03-20 11:15,2026-03-20 11:45,BUY,30.0,54122.65,54121.65,-1.0,-0.7,30,-21.0,40.0,-61.0,TRAIL_BE,23.38
2026-03-20 12:00,2026-03-20 12:15,SELL,15.0,53832.85,53776.71,56.14,39.3,30,1179.0,40.0,1139.0,TARGET,0.0
2026-03-20 12:30,2026-03-20 13:15,SELL,45.0,53786.05,53787.05,-1.0,-0.7,30,-21.0,40.0,-61.0,TRAIL_BE,18.9
2026-03-20 13:30,2026-03-20 13:45,SELL,15.0,53775.6,53719.46,56.14,39.3,30,1179.0,40.0,1139.0,TARGET,0.0
2026-03-20 14:00,2026-03-20 14:15,SELL,15.0,53714.45,53658.31,56.14,39.3,30,1179.0,40.0,1139.0,TARGET,0.0
2026-03-20 14:30,2026-03-20 15:00,SELL,30.0,53420.8,53407.51,13.29,9.3,30,279.0,40.0,239.0,TRAIL_LOCK,39.1
2026-03-23 09:30,2026-03-23 09:45,SELL,15.0,52185.75,52129.61,56.14,39.3,30,1179.0,40.0,1139.0,TARGET,0.0
2026-03-23 10:00,2026-03-23 10:15,SELL,15.0,51825.6,51769.46,56.14,39.3,30,1179.0,40.0,1139.0,TARGET,0.0
2026-03-23 10:30,2026-03-23 10:45,SELL,15.0,51769.7,51713.56,56.14,39.3,30,1179.0,40.0,1139.0,TARGET,0.0
2026-03-23 11:00,2026-03-23 11:30,SELL,30.0,51745.5,51732.21,13.29,9.3,30,279.0,40.0,239.0,TRAIL_LOCK,33.32
2026-03-23 11:45,2026-03-23 12:00,SELL,15.0,51735.35,51679.21,56.14,39.3,30,1179.0,40.0,1139.0,TARGET,0.0
2026-03-23 12:15,2026-03-23 12:45,SELL,30.0,51716.25,51702.96,13.29,9.3,30,279.0,40.0,239.0,TRAIL_LOCK,33.91
2026-03-23 13:00,2026-03-23 13:30,SELL,30.0,51606.4,51821.69,-215.29,-150.7,30,-4521.0,40.0,-4561.0,STOP_LOSS,6.34
2026-03-23 13:45,2026-03-23 14:00,BUY,15.0,51850.0,51906.14,56.14,39.3,30,1179.0,40.0,1139.0,TARGET,0.0
2026-03-23 14:15,2026-03-23 14:30,BUY,15.0,51837.1,51621.81,-215.29,-150.7,30,-4521.0,40.0,-4561.0,STOP_LOSS,0.0
2026-03-23 14:45,2026-03-23 15:00,SELL,15.0,51693.4,51637.26,56.14,39.3,30,1179.0,40.0,1139.0,TARGET,0.0
2026-03-24 09:30,2026-03-24 09:45,SELL,15.0,52195.0,52138.86,56.14,39.3,30,1179.0,40.0,1139.0,TARGET,0.0
2026-03-24 10:00,2026-03-24 10:30,SELL,30.0,52074.25,52018.11,56.14,39.3,30,1179.0,40.0,1139.0,TARGET,8.05
2026-03-24 10:45,2026-03-24 11:15,SELL,30.0,51845.75,52061.04,-215.29,-150.7,30,-4521.0,40.0,-4561.0,STOP_LOSS,0.0
2026-03-24 11:30,2026-03-24 12:00,SELL,30.0,52036.4,52023.11,13.29,9.3,30,279.0,40.0,239.0,TRAIL_LOCK,30.21
2026-03-24 12:15,2026-03-24 12:30,BUY,15.0,52222.5,52278.64,56.14,39.3,30,1179.0,40.0,1139.0,TARGET,0.0
2026-03-24 12:45,2026-03-24 13:00,BUY,15.0,52690.25,52746.39,56.14,39.3,30,1179.0,40.0,1139.0,TARGET,0.0
2026-03-24 13:15,2026-03-24 13:30,BUY,15.0,52852.25,52908.39,56.14,39.3,30,1179.0,40.0,1139.0,TARGET,0.0
2026-03-24 13:45,2026-03-24 14:00,BUY,15.0,52750.95,52807.09,56.14,39.3,30,1179.0,40.0,1139.0,TARGET,0.0
2026-03-24 14:15,2026-03-24 15:15,BUY,60.0,52727.45,52512.16,-215.29,-150.7,30,-4521.0,40.0,-4561.0,STOP_LOSS,0.95
2026-03-25 09:30,2026-03-25 09:45,BUY,15.0,53690.05,53746.19,56.14,39.3,30,1179.0,40.0,1139.0,TARGET,0.0
2026-03-25 10:00,2026-03-25 10:30,BUY,30.0,53719.75,53733.04,13.29,9.3,30,279.0,40.0,239.0,TRAIL_LOCK,25.59
2026-03-25 10:45,2026-03-25 11:00,BUY,15.0,53890.95,53947.09,56.14,39.3,30,1179.0,40.0,1139.0,TARGET,0.0
2026-03-25 11:15,2026-03-25 11:45,BUY,30.0,53893.8,53892.8,-1.0,-0.7,30,-21.0,40.0,-61.0,TRAIL_BE,17.95
2026-03-25 12:00,2026-03-25 12:45,BUY,45.0,54091.05,54104.34,13.29,9.3,30,279.0,40.0,239.0,TRAIL_LOCK,38.57
2026-03-25 13:00,2026-03-25 13:15,BUY,15.0,53901.8,53957.94,56.14,39.3,30,1179.0,40.0,1139.0,TARGET,0.0
2026-03-25 13:30,2026-03-25 13:45,BUY,15.0,54028.3,54084.44,56.14,39.3,30,1179.0,40.0,1139.0,TARGET,0.0
2026-03-25 14:00,2026-03-25 15:00,BUY,60.0,53908.65,53693.36,-215.29,-150.7,30,-4521.0,40.0,-4561.0,STOP_LOSS,12.98
2026-03-27 09:30,2026-03-27 09:45,SELL,15.0,52790.45,52734.31,56.14,39.3,30,1179.0,40.0,1139.0,TARGET,0.0
2026-03-27 10:00,2026-03-27 10:30,SELL,30.0,52628.1,52614.81,13.29,9.3,30,279.0,40.0,239.0,TRAIL_LOCK,25.86
2026-03-27 10:45,2026-03-27 11:15,SELL,30.0,52583.3,52570.01,13.29,9.3,30,279.0,40.0,239.0,TRAIL_LOCK,36.51
2026-03-27 11:30,2026-03-27 12:00,SELL,30.0,52527.8,52514.51,13.29,9.3,30,279.0,40.0,239.0,TRAIL_LOCK,25.94
2026-03-27 12:15,2026-03-27 12:30,SELL,15.0,52600.7,52544.56,56.14,39.3,30,1179.0,40.0,1139.0,TARGET,0.0
2026-03-27 12:45,2026-03-27 13:45,SELL,60.0,52573.35,52560.06,13.29,9.3,30,279.0,40.0,239.0,TRAIL_LOCK,31.5
2026-03-27 14:00,2026-03-27 14:15,SELL,15.0,52503.6,52447.46,56.14,39.3,30,1179.0,40.0,1139.0,TARGET,0.0
2026-03-27 14:30,2026-03-27 15:00,SELL,30.0,52305.2,52306.2,-1.0,-0.7,30,-21.0,40.0,-61.0,TRAIL_BE,19.04
2026-03-30 09:30,2026-03-30 09:45,SELL,15.0,51211.2,51155.06,56.14,39.3,30,1179.0,40.0,1139.0,TARGET,0.0
2026-03-30 10:00,2026-03-30 10:15,SELL,15.0,51103.4,51047.26,56.14,39.3,30,1179.0,40.0,1139.0,TARGET,0.0
2026-03-30 10:30,2026-03-30 10:45,SELL,15.0,50920.45,50864.31,56.14,39.3,30,1179.0,40.0,1139.0,TARGET,0.0
2026-03-30 11:00,2026-03-30 11:30,SELL,30.0,50807.45,50808.45,-1.0,-0.7,30,-21.0,40.0,-61.0,TRAIL_BE,23.73
2026-03-30 11:45,2026-03-30 13:00,SELL,75.0,50811.4,50798.11,13.29,9.3,30,279.0,40.0,239.0,TRAIL_LOCK,31.12
2026-03-30 13:15,2026-03-30 13:45,SELL,30.0,50693.8,50637.66,56.14,39.3,30,1179.0,40.0,1139.0,TARGET,33.07
2026-03-30 14:00,2026-03-30 14:15,SELL,15.0,50611.25,50555.11,56.14,39.3,30,1179.0,40.0,1139.0,TARGET,0.0
2026-03-30 14:30,2026-03-30 14:45,SELL,15.0,50460.65,50404.51,56.14,39.3,30,1179.0,40.0,1139.0,TARGET,0.0
2026-04-01 09:30,2026-04-01 09:45,BUY,15.0,51529.35,51585.49,56.14,39.3,30,1179.0,40.0,1139.0,TARGET,0.0
2026-04-01 10:00,2026-04-01 10:15,SELL,15.0,51450.95,51394.81,56.14,39.3,30,1179.0,40.0,1139.0,TARGET,0.0
2026-04-01 10:30,2026-04-01 10:45,SELL,15.0,51241.3,51185.16,56.14,39.3,30,1179.0,40.0,1139.0,TARGET,0.0
2026-04-01 11:00,2026-04-01 11:30,SELL,30.0,51224.2,51210.91,13.29,9.3,30,279.0,40.0,239.0,TRAIL_LOCK,29.75
2026-04-01 11:45,2026-04-01 12:00,BUY,15.0,51413.15,51469.29,56.14,39.3,30,1179.0,40.0,1139.0,TARGET,0.0
2026-04-01 12:15,2026-04-01 12:30,BUY,15.0,51668.4,51724.54,56.14,39.3,30,1179.0,40.0,1139.0,TARGET,0.0
2026-04-01 12:45,2026-04-01 13:00,BUY,15.0,51840.1,51896.24,56.14,39.3,30,1179.0,40.0,1139.0,TARGET,0.0
2026-04-01 13:15,2026-04-01 13:30,BUY,15.0,51780.9,51565.61,-215.29,-150.7,30,-4521.0,40.0,-4561.0,STOP_LOSS,0.0
2026-04-01 13:45,2026-04-01 14:15,SELL,30.0,51567.75,51554.46,13.29,9.3,30,279.0,40.0,239.0,TRAIL_LOCK,28.07
2026-04-01 14:30,2026-04-01 15:00,BUY,30.0,51480.8,51494.09,13.29,9.3,30,279.0,40.0,239.0,TRAIL_LOCK,28.56
2026-04-02 09:30,2026-04-02 09:45,SELL,15.0,50226.05,50169.91,56.14,39.3,30,1179.0,40.0,1139.0,TARGET,0.0
2026-04-02 10:00,2026-04-02 10:15,SELL,15.0,50171.3,50115.16,56.14,39.3,30,1179.0,40.0,1139.0,TARGET,0.0
2026-04-02 10:30,2026-04-02 10:45,SELL,15.0,50091.45,50035.31,56.14,39.3,30,1179.0,40.0,1139.0,TARGET,0.0
2026-04-02 11:00,2026-04-02 11:30,SELL,30.0,50110.15,50096.86,13.29,9.3,30,279.0,40.0,239.0,TRAIL_LOCK,31.57
2026-04-02 11:45,2026-04-02 12:15,BUY,30.0,50193.3,50192.3,-1.0,-0.7,30,-21.0,40.0,-61.0,TRAIL_BE,18.44
2026-04-02 12:30,2026-04-02 13:00,BUY,30.0,50440.1,50496.24,56.14,39.3,30,1179.0,40.0,1139.0,TARGET,14.0
2026-04-02 13:15,2026-04-02 13:30,BUY,15.0,50746.7,50802.84,56.14,39.3,30,1179.0,40.0,1139.0,TARGET,0.0
2026-04-02 13:45,2026-04-02 14:00,BUY,15.0,50874.5,50930.64,56.14,39.3,30,1179.0,40.0,1139.0,TARGET,0.0
2026-04-02 14:15,2026-04-02 14:30,BUY,15.0,51244.45,51029.16,-215.29,-150.7,30,-4521.0,40.0,-4561.0,STOP_LOSS,0.0
2026-04-02 14:45,2026-04-02 15:00,BUY,15.0,51252.95,51309.09,56.14,39.3,30,1179.0,40.0,1139.0,TARGET,0.0
2026-04-06 09:30,2026-04-06 09:45,BUY,15.0,51594.2,51378.91,-215.29,-150.7,30,-4521.0,40.0,-4561.0,STOP_LOSS,0.0
2026-04-06 10:00,2026-04-06 10:15,SELL,15.0,51473.25,51417.11,56.14,39.3,30,1179.0,40.0,1139.0,TARGET,0.0
2026-04-06 10:30,2026-04-06 10:45,BUY,15.0,51604.6,51660.74,56.14,39.3,30,1179.0,40.0,1139.0,TARGET,0.0
2026-04-06 11:00,2026-04-06 11:15,BUY,15.0,51418.45,51474.59,56.14,39.3,30,1179.0,40.0,1139.0,TARGET,0.0
2026-04-06 11:30,2026-04-06 11:45,BUY,15.0,51598.3,51654.44,56.14,39.3,30,1179.0,40.0,1139.0,TARGET,0.0
2026-04-06 12:00,2026-04-06 12:15,BUY,15.0,51660.2,51716.34,56.14,39.3,30,1179.0,40.0,1139.0,TARGET,0.0
2026-04-06 12:30,2026-04-06 12:45,BUY,15.0,51724.75,51780.89,56.14,39.3,30,1179.0,40.0,1139.0,TARGET,0.0
2026-04-06 13:00,2026-04-06 13:15,BUY,15.0,52225.25,52281.39,56.14,39.3,30,1179.0,40.0,1139.0,TARGET,0.0
2026-04-06 13:30,2026-04-06 13:45,BUY,15.0,52204.0,52260.14,56.14,39.3,30,1179.0,40.0,1139.0,TARGET,0.0
2026-04-06 14:00,2026-04-06 14:15,BUY,15.0,52395.55,52451.69,56.14,39.3,30,1179.0,40.0,1139.0,TARGET,0.0
2026-04-06 14:30,2026-04-06 15:00,BUY,30.0,52413.65,52426.94,13.29,9.3,30,279.0,40.0,239.0,TRAIL_LOCK,29.19
2026-04-07 09:30,2026-04-07 09:45,BUY,15.0,52021.45,52077.59,56.14,39.3,30,1179.0,40.0,1139.0,TARGET,0.0
2026-04-07 10:00,2026-04-07 10:15,BUY,15.0,52184.4,52240.54,56.14,39.3,30,1179.0,40.0,1139.0,TARGET,0.0
2026-04-07 10:30,2026-04-07 10:45,BUY,15.0,52273.55,52058.26,-215.29,-150.7,30,-4521.0,40.0,-4561.0,STOP_LOSS,0.0
2026-04-07 11:00,2026-04-07 11:15,SELL,15.0,51985.7,52200.99,-215.29,-150.7,30,-4521.0,40.0,-4561.0,STOP_LOSS,0.0
2026-04-07 11:30,2026-04-07 11:45,BUY,15.0,52126.35,52182.49,56.14,39.3,30,1179.0,40.0,1139.0,TARGET,0.0
2026-04-07 12:00,2026-04-07 13:00,BUY,60.0,52175.95,52189.24,13.29,9.3,30,279.0,40.0,239.0,TRAIL_LOCK,25.97
2026-04-07 13:15,2026-04-07 13:30,BUY,15.0,52258.05,52314.19,56.14,39.3,30,1179.0,40.0,1139.0,TARGET,0.0
2026-04-07 13:45,2026-04-07 14:00,BUY,15.0,52361.85,52417.99,56.14,39.3,30,1179.0,40.0,1139.0,TARGET,0.0
2026-04-07 14:15,2026-04-07 14:30,BUY,15.0,52447.5,52503.64,56.14,39.3,30,1179.0,40.0,1139.0,TARGET,0.0
2026-04-07 14:45,2026-04-07 15:00,BUY,15.0,52674.1,52730.24,56.14,39.3,30,1179.0,40.0,1139.0,TARGET,0.0
2026-04-08 09:30,2026-04-08 09:45,BUY,15.0,55181.15,55237.29,56.14,39.3,30,1179.0,40.0,1139.0,TARGET,0.0
2026-04-08 10:00,2026-04-08 10:15,BUY,15.0,55182.05,55238.19,56.14,39.3,30,1179.0,40.0,1139.0,TARGET,0.0
2026-04-08 10:30,2026-04-08 10:45,BUY,15.0,55348.7,55404.84,56.14,39.3,30,1179.0,40.0,1139.0,TARGET,0.0
2026-04-08 11:00,2026-04-08 11:15,BUY,15.0,55490.45,55546.59,56.14,39.3,30,1179.0,40.0,1139.0,TARGET,0.0
2026-04-08 11:30,2026-04-08 12:00,BUY,30.0,55426.65,55439.94,13.29,9.3,30,279.0,40.0,239.0,TRAIL_LOCK,26.04
2026-04-08 12:15,2026-04-08 12:45,BUY,30.0,55382.35,55395.64,13.29,9.3,30,279.0,40.0,239.0,TRAIL_LOCK,29.12
2026-04-08 13:00,2026-04-08 13:30,BUY,30.0,55427.75,55441.04,13.29,9.3,30,279.0,40.0,239.0,TRAIL_LOCK,29.68
2026-04-08 13:45,2026-04-08 14:15,BUY,30.0,55481.4,55537.54,56.14,39.3,30,1179.0,40.0,1139.0,TARGET,5.77
2026-04-08 14:30,2026-04-08 14:45,BUY,15.0,55668.35,55724.49,56.14,39.3,30,1179.0,40.0,1139.0,TARGET,0.0
2026-04-08 15:00,2026-04-08 15:15,BUY,15.0,55679.9,55736.04,56.14,39.3,30,1179.0,40.0,1139.0,TARGET,0.0
2026-04-09 09:30,2026-04-09 09:45,SELL,15.0,55266.6,55210.46,56.14,39.3,30,1179.0,40.0,1139.0,TARGET,0.0
2026-04-09 10:00,2026-04-09 10:30,SELL,30.0,55348.35,55335.06,13.29,9.3,30,279.0,40.0,239.0,TRAIL_LOCK,29.68
2026-04-09 11:00,2026-04-09 12:15,BUY,75.0,55373.0,55157.71,-215.29,-150.7,30,-4521.0,40.0,-4561.0,STOP_LOSS,8.96
2026-04-09 12:30,2026-04-09 12:45,SELL,15.0,55125.65,55069.51,56.14,39.3,30,1179.0,40.0,1139.0,TARGET,0.0
2026-04-09 13:00,2026-04-09 13:15,SELL,15.0,54960.6,54904.46,56.14,39.3,30,1179.0,40.0,1139.0,TARGET,0.0
2026-04-09 13:30,2026-04-09 13:45,SELL,15.0,54828.25,54772.11,56.14,39.3,30,1179.0,40.0,1139.0,TARGET,0.0
2026-04-09 14:00,2026-04-09 14:15,SELL,15.0,54825.4,54769.26,56.14,39.3,30,1179.0,40.0,1139.0,TARGET,0.0
2026-04-09 14:30,2026-04-09 14:45,SELL,15.0,54741.4,54685.26,56.14,39.3,30,1179.0,40.0,1139.0,TARGET,0.0
2026-04-09 15:00,2026-04-09 15:15,SELL,15.0,54883.25,54827.11,56.14,39.3,30,1179.0,40.0,1139.0,TARGET,0.0
2026-04-10 09:30,2026-04-10 09:45,BUY,15.0,55699.75,55755.89,56.14,39.3,30,1179.0,40.0,1139.0,TARGET,0.0
2026-04-10 10:00,2026-04-10 10:15,BUY,15.0,55850.15,55906.29,56.14,39.3,30,1179.0,40.0,1139.0,TARGET,0.0
2026-04-10 10:30,2026-04-10 11:00,BUY,30.0,55810.8,55809.8,-1.0,-0.7,30,-21.0,40.0,-61.0,TRAIL_BE,17.53
2026-04-10 11:15,2026-04-10 11:30,BUY,15.0,55733.2,55789.34,56.14,39.3,30,1179.0,40.0,1139.0,TARGET,0.0
2026-04-10 11:45,2026-04-10 12:15,SELL,30.0,55757.6,55758.6,-1.0,-0.7,30,-21.0,40.0,-61.0,TRAIL_BE,16.76
2026-04-10 12:30,2026-04-10 13:00,BUY,30.0,55762.65,55818.79,56.14,39.3,30,1179.0,40.0,1139.0,TARGET,22.4
2026-04-10 13:15,2026-04-10 14:00,BUY,45.0,55883.45,55896.74,13.29,9.3,30,279.0,40.0,239.0,TRAIL_LOCK,36.72
2026-04-10 14:15,2026-04-10 14:30,BUY,15.0,55728.2,55784.34,56.14,39.3,30,1179.0,40.0,1139.0,TARGET,0.0
2026-04-13 09:30,2026-04-13 09:45,BUY,15.0,54678.6,54734.74,56.14,39.3,30,1179.0,40.0,1139.0,TARGET,0.0
2026-04-13 10:00,2026-04-13 10:15,BUY,15.0,54742.0,54798.14,56.14,39.3,30,1179.0,40.0,1139.0,TARGET,0.0
2026-04-13 10:30,2026-04-13 10:45,BUY,15.0,54912.35,54968.49,56.14,39.3,30,1179.0,40.0,1139.0,TARGET,0.0
2026-04-13 11:00,2026-04-13 11:30,BUY,30.0,54955.05,54954.05,-1.0,-0.7,30,-21.0,40.0,-61.0,TRAIL_BE,16.94
2026-04-13 11:45,2026-04-13 12:00,BUY,15.0,55074.25,55130.39,56.14,39.3,30,1179.0,40.0,1139.0,TARGET,0.0
2026-04-13 12:15,2026-04-13 12:30,BUY,15.0,55370.8,55426.94,56.14,39.3,30,1179.0,40.0,1139.0,TARGET,0.0
2026-04-13 12:45,2026-04-13 13:00,BUY,15.0,55311.85,55367.99,56.14,39.3,30,1179.0,40.0,1139.0,TARGET,0.0
2026-04-13 13:15,2026-04-13 13:30,BUY,15.0,55404.65,55460.79,56.14,39.3,30,1179.0,40.0,1139.0,TARGET,0.0
2026-04-13 13:45,2026-04-13 14:45,BUY,60.0,55700.45,55713.74,13.29,9.3,30,279.0,40.0,239.0,TRAIL_LOCK,25.62
2026-04-15 09:30,2026-04-15 09:45,SELL,15.0,56447.65,56391.51,56.14,39.3,30,1179.0,40.0,1139.0,TARGET,0.0
2026-04-15 10:00,2026-04-15 10:15,BUY,15.0,56504.1,56560.24,56.14,39.3,30,1179.0,40.0,1139.0,TARGET,0.0
2026-04-15 10:30,2026-04-15 11:00,BUY,30.0,56419.6,56418.6,-1.0,-0.7,30,-21.0,40.0,-61.0,TRAIL_BE,23.84
2026-04-15 11:15,2026-04-15 14:45,SELL,210.0,56154.05,56369.34,-215.29,-150.7,30,-4521.0,40.0,-4561.0,STOP_LOSS,8.26
2026-04-16 09:30,2026-04-16 10:00,SELL,30.0,56506.0,56492.71,13.29,9.3,30,279.0,40.0,239.0,TRAIL_LOCK,36.86
2026-04-16 10:15,2026-04-16 10:45,SELL,30.0,56538.4,56525.11,13.29,9.3,30,279.0,40.0,239.0,TRAIL_LOCK,32.94
2026-04-16 11:00,2026-04-16 11:15,SELL,15.0,56534.9,56478.76,56.14,39.3,30,1179.0,40.0,1139.0,TARGET,0.0
2026-04-16 11:30,2026-04-16 11:45,SELL,15.0,56331.35,56275.21,56.14,39.3,30,1179.0,40.0,1139.0,TARGET,0.0
2026-04-16 12:00,2026-04-16 12:15,SELL,15.0,56145.2,56089.06,56.14,39.3,30,1179.0,40.0,1139.0,TARGET,0.0
2026-04-16 12:30,2026-04-16 12:45,SELL,15.0,55997.35,55941.21,56.14,39.3,30,1179.0,40.0,1139.0,TARGET,0.0
2026-04-16 13:00,2026-04-16 13:30,SELL,30.0,55935.7,55936.7,-1.0,-0.7,30,-21.0,40.0,-61.0,TRAIL_BE,16.41
2026-04-16 13:45,2026-04-16 14:00,SELL,15.0,56139.55,56083.41,56.14,39.3,30,1179.0,40.0,1139.0,TARGET,0.0
2026-04-16 14:15,2026-04-16 15:00,SELL,45.0,56162.7,56106.56,56.14,39.3,30,1179.0,40.0,1139.0,TARGET,0.0
2026-04-17 09:30,2026-04-17 09:45,BUY,15.0,56070.35,56126.49,56.14,39.3,30,1179.0,40.0,1139.0,TARGET,0.0
2026-04-17 10:00,2026-04-17 10:15,BUY,15.0,56208.85,56264.99,56.14,39.3,30,1179.0,40.0,1139.0,TARGET,0.0
2026-04-17 10:30,2026-04-17 11:00,BUY,30.0,56163.35,56162.35,-1.0,-0.7,30,-21.0,40.0,-61.0,TRAIL_BE,16.91
2026-04-17 11:15,2026-04-17 11:30,BUY,15.0,56210.15,56266.29,56.14,39.3,30,1179.0,40.0,1139.0,TARGET,0.0
2026-04-17 11:45,2026-04-17 12:00,BUY,15.0,56251.25,56307.39,56.14,39.3,30,1179.0,40.0,1139.0,TARGET,0.0
2026-04-17 12:15,2026-04-17 13:15,BUY,60.0,56369.55,56368.55,-1.0,-0.7,30,-21.0,40.0,-61.0,TRAIL_BE,16.27
2026-04-17 13:30,2026-04-17 14:30,BUY,60.0,56438.7,56451.99,13.29,9.3,30,279.0,40.0,239.0,TRAIL_LOCK,37.0
2026-04-17 14:45,2026-04-17 15:00,BUY,15.0,56550.3,56606.44,56.14,39.3,30,1179.0,40.0,1139.0,TARGET,0.0
2026-04-20 09:30,2026-04-20 09:45,BUY,15.0,56648.55,56704.69,56.14,39.3,30,1179.0,40.0,1139.0,TARGET,0.0
2026-04-20 10:00,2026-04-20 10:15,BUY,15.0,56824.65,56880.79,56.14,39.3,30,1179.0,40.0,1139.0,TARGET,0.0
2026-04-20 10:30,2026-04-20 11:15,BUY,45.0,57028.85,57027.85,-1.0,-0.7,30,-21.0,40.0,-61.0,TRAIL_BE,18.48
2026-04-20 11:30,2026-04-20 13:00,BUY,90.0,57014.35,56799.06,-215.29,-150.7,30,-4521.0,40.0,-4561.0,STOP_LOSS,14.87
2026-04-20 13:15,2026-04-20 13:45,SELL,30.0,56601.8,56588.51,13.29,9.3,30,279.0,40.0,239.0,TRAIL_LOCK,27.47
2026-04-20 14:00,2026-04-20 15:00,SELL,60.0,56648.35,56635.06,13.29,9.3,30,279.0,40.0,239.0,TRAIL_LOCK,31.22
2026-04-21 09:30,2026-04-21 09:45,BUY,15.0,57074.5,57130.64,56.14,39.3,30,1179.0,40.0,1139.0,TARGET,0.0
2026-04-21 10:00,2026-04-21 10:30,BUY,30.0,57175.05,57174.05,-1.0,-0.7,30,-21.0,40.0,-61.0,TRAIL_BE,16.62
2026-04-21 10:45,2026-04-21 11:15,BUY,30.0,57285.0,57284.0,-1.0,-0.7,30,-21.0,40.0,-61.0,TRAIL_BE,15.96
2026-04-21 11:30,2026-04-21 12:00,BUY,30.0,57223.25,57279.39,56.14,39.3,30,1179.0,40.0,1139.0,TARGET,13.93
2026-04-21 12:15,2026-04-21 12:30,BUY,15.0,57208.35,57264.49,56.14,39.3,30,1179.0,40.0,1139.0,TARGET,0.0
2026-04-21 12:45,2026-04-21 13:30,BUY,45.0,57323.25,57336.54,13.29,9.3,30,279.0,40.0,239.0,TRAIL_LOCK,34.58
2026-04-21 13:45,2026-04-21 15:15,BUY,90.0,57401.05,57414.34,13.29,9.3,30,279.0,40.0,239.0,TRAIL_LOCK,38.67
2026-04-22 09:30,2026-04-22 09:45,SELL,15.0,57165.0,57108.86,56.14,39.3,30,1179.0,40.0,1139.0,TARGET,0.0
2026-04-22 10:00,2026-04-22 10:30,SELL,30.0,57120.65,57107.36,13.29,9.3,30,279.0,40.0,239.0,TRAIL_LOCK,25.66
2026-04-22 10:45,2026-04-22 11:30,BUY,45.0,57403.1,57402.1,-1.0,-0.7,30,-21.0,40.0,-61.0,TRAIL_BE,24.57
2026-04-22 11:45,2026-04-22 12:15,BUY,30.0,57385.3,57384.3,-1.0,-0.7,30,-21.0,40.0,-61.0,TRAIL_BE,18.23
2026-04-22 12:30,2026-04-22 13:00,BUY,30.0,57319.05,57318.05,-1.0,-0.7,30,-21.0,40.0,-61.0,TRAIL_BE,23.41
2026-04-22 13:15,2026-04-22 13:45,BUY,30.0,57317.95,57331.24,13.29,9.3,30,279.0,40.0,239.0,TRAIL_LOCK,30.66
2026-04-22 14:00,2026-04-22 14:45,BUY,45.0,57279.0,57292.29,13.29,9.3,30,279.0,40.0,239.0,TRAIL_LOCK,25.38
2026-04-23 09:30,2026-04-23 09:45,BUY,15.0,56705.75,56761.89,56.14,39.3,30,1179.0,40.0,1139.0,TARGET,0.0
2026-04-23 10:00,2026-04-23 10:30,BUY,30.0,56768.7,56781.99,13.29,9.3,30,279.0,40.0,239.0,TRAIL_LOCK,27.9
2026-04-23 10:45,2026-04-23 11:30,SELL,45.0,56567.0,56553.71,13.29,9.3,30,279.0,40.0,239.0,TRAIL_LOCK,28.28
2026-04-23 11:45,2026-04-23 12:15,SELL,30.0,56566.45,56553.16,13.29,9.3,30,279.0,40.0,239.0,TRAIL_LOCK,29.29
2026-04-23 12:30,2026-04-23 12:45,SELL,15.0,56406.1,56349.96,56.14,39.3,30,1179.0,40.0,1139.0,TARGET,0.0
2026-04-23 13:00,2026-04-23 13:30,SELL,30.0,56395.95,56382.66,13.29,9.3,30,279.0,40.0,239.0,TRAIL_LOCK,37.8
2026-04-23 13:45,2026-04-23 14:00,SELL,15.0,56361.55,56305.41,56.14,39.3,30,1179.0,40.0,1139.0,TARGET,0.0
2026-04-23 14:15,2026-04-23 14:45,SELL,30.0,56248.25,56249.25,-1.0,-0.7,30,-21.0,40.0,-61.0,TRAIL_BE,21.77
2026-04-24 09:30,2026-04-24 09:45,SELL,15.0,55976.3,55920.16,56.14,39.3,30,1179.0,40.0,1139.0,TARGET,0.0
2026-04-24 10:00,2026-04-24 10:15,SELL,15.0,56041.1,55984.96,56.14,39.3,30,1179.0,40.0,1139.0,TARGET,0.0
2026-04-24 10:30,2026-04-24 11:00,SELL,30.0,55922.15,55923.15,-1.0,-0.7,30,-21.0,40.0,-61.0,TRAIL_BE,17.64
2026-04-24 11:15,2026-04-24 11:45,SELL,30.0,55993.0,55994.0,-1.0,-0.7,30,-21.0,40.0,-61.0,TRAIL_BE,15.61
2026-04-24 12:00,2026-04-24 12:30,BUY,30.0,56116.5,56115.5,-1.0,-0.7,30,-21.0,40.0,-61.0,TRAIL_BE,16.1
2026-04-24 12:45,2026-04-24 13:00,SELL,15.0,56011.95,55955.81,56.14,39.3,30,1179.0,40.0,1139.0,TARGET,0.0
2026-04-24 13:15,2026-04-24 13:30,SELL,15.0,55944.65,55888.51,56.14,39.3,30,1179.0,40.0,1139.0,TARGET,0.0
2026-04-24 13:45,2026-04-24 14:00,SELL,15.0,55821.7,55765.56,56.14,39.3,30,1179.0,40.0,1139.0,TARGET,0.0
2026-04-24 14:15,2026-04-24 15:15,SELL,60.0,55965.7,56180.99,-215.29,-150.7,30,-4521.0,40.0,-4561.0,STOP_LOSS,5.11
2026-04-27 09:30,2026-04-27 10:15,SELL,45.0,56236.45,56237.45,-1.0,-0.7,30,-21.0,40.0,-61.0,TRAIL_BE,16.52
2026-04-27 10:30,2026-04-27 11:00,SELL,30.0,56056.45,56043.16,13.29,9.3,30,279.0,40.0,239.0,TRAIL_LOCK,27.61
2026-04-27 11:15,2026-04-27 11:30,SELL,15.0,56022.6,55966.46,56.14,39.3,30,1179.0,40.0,1139.0,TARGET,0.0
2026-04-27 11:45,2026-04-27 12:00,SELL,15.0,56099.05,56042.91,56.14,39.3,30,1179.0,40.0,1139.0,TARGET,0.0
2026-04-27 12:15,2026-04-27 13:15,SELL,60.0,56062.45,56277.74,-215.29,-150.7,30,-4521.0,40.0,-4561.0,STOP_LOSS,10.71
2026-04-27 13:30,2026-04-27 14:00,BUY,30.0,56357.05,56370.34,13.29,9.3,30,279.0,40.0,239.0,TRAIL_LOCK,35.35
2026-04-28 09:30,2026-04-28 09:45,BUY,15.0,56032.2,56088.34,56.14,39.3,30,1179.0,40.0,1139.0,TARGET,0.0
2026-04-28 10:00,2026-04-28 10:15,BUY,15.0,56037.4,56093.54,56.14,39.3,30,1179.0,40.0,1139.0,TARGET,0.0
2026-04-28 10:30,2026-04-28 11:00,SELL,30.0,55962.3,55906.16,56.14,39.3,30,1179.0,40.0,1139.0,TARGET,4.24
2026-04-28 11:15,2026-04-28 11:45,SELL,30.0,55741.05,55727.76,13.29,9.3,30,279.0,40.0,239.0,TRAIL_LOCK,39.06
2026-04-28 12:00,2026-04-28 12:30,SELL,30.0,55665.5,55652.21,13.29,9.3,30,279.0,40.0,239.0,TRAIL_LOCK,29.36
2026-04-28 12:45,2026-04-28 13:30,SELL,45.0,55604.4,55548.26,56.14,39.3,30,1179.0,40.0,1139.0,TARGET,10.36
2026-04-28 13:45,2026-04-28 14:00,SELL,15.0,55558.85,55502.71,56.14,39.3,30,1179.0,40.0,1139.0,TARGET,0.0
2026-04-28 14:15,2026-04-28 15:00,SELL,45.0,55470.65,55414.51,56.14,39.3,30,1179.0,40.0,1139.0,TARGET,0.0
2026-04-29 09:30,2026-04-29 10:00,SELL,30.0,55539.8,55755.09,-215.29,-150.7,30,-4521.0,40.0,-4561.0,STOP_LOSS,0.0
2026-04-29 10:15,2026-04-29 11:15,BUY,60.0,55905.15,55961.29,56.14,39.3,30,1179.0,40.0,1139.0,TARGET,8.01
2026-04-29 11:30,2026-04-29 12:00,BUY,30.0,55886.7,55942.84,56.14,39.3,30,1179.0,40.0,1139.0,TARGET,12.57
2026-04-29 12:15,2026-04-29 12:30,BUY,15.0,56082.15,56138.29,56.14,39.3,30,1179.0,40.0,1139.0,TARGET,0.0
2026-04-29 12:45,2026-04-29 13:15,BUY,30.0,56084.25,56097.54,13.29,9.3,30,279.0,40.0,239.0,TRAIL_LOCK,35.21
2026-04-29 13:30,2026-04-29 14:00,BUY,30.0,55944.9,55958.19,13.29,9.3,30,279.0,40.0,239.0,TRAIL_LOCK,30.69
2026-04-29 14:15,2026-04-29 14:45,SELL,30.0,55488.2,55489.2,-1.0,-0.7,30,-21.0,40.0,-61.0,TRAIL_BE,16.62
2026-04-29 15:00,2026-04-29 15:15,SELL,15.0,55394.95,55338.81,56.14,39.3,30,1179.0,40.0,1139.0,TARGET,0.0
2026-04-30 09:30,2026-04-30 09:45,SELL,15.0,54713.1,54656.96,56.14,39.3,30,1179.0,40.0,1139.0,TARGET,0.0
2026-04-30 10:00,2026-04-30 10:15,SELL,15.0,54543.5,54487.36,56.14,39.3,30,1179.0,40.0,1139.0,TARGET,0.0
2026-04-30 10:30,2026-04-30 10:45,SELL,15.0,54576.25,54520.11,56.14,39.3,30,1179.0,40.0,1139.0,TARGET,0.0
2026-04-30 11:00,2026-04-30 12:15,SELL,75.0,54488.8,54489.8,-1.0,-0.7,30,-21.0,40.0,-61.0,TRAIL_BE,16.77
2026-04-30 12:30,2026-04-30 12:45,BUY,15.0,54710.15,54766.29,56.14,39.3,30,1179.0,40.0,1139.0,TARGET,0.0
2026-04-30 13:00,2026-04-30 13:15,BUY,15.0,54817.35,54873.49,56.14,39.3,30,1179.0,40.0,1139.0,TARGET,0.0
2026-04-30 13:30,2026-04-30 14:00,BUY,30.0,55071.85,55085.14,13.29,9.3,30,279.0,40.0,239.0,TRAIL_LOCK,27.82
2026-04-30 14:15,2026-04-30 14:30,BUY,15.0,54934.95,54991.09,56.14,39.3,30,1179.0,40.0,1139.0,TARGET,0.0
2026-04-30 14:45,2026-04-30 15:00,BUY,15.0,55014.1,54798.81,-215.29,-150.7,30,-4521.0,40.0,-4561.0,STOP_LOSS,0.0
2026-05-04 09:30,2026-05-04 10:00,BUY,30.0,55520.85,55519.85,-1.0,-0.7,30,-21.0,40.0,-61.0,TRAIL_BE,23.94
2026-05-04 10:15,2026-05-04 10:45,SELL,30.0,55352.95,55339.66,13.29,9.3,30,279.0,40.0,239.0,TRAIL_LOCK,35.66
2026-05-04 11:00,2026-05-04 11:30,SELL,30.0,55406.05,55392.76,13.29,9.3,30,279.0,40.0,239.0,TRAIL_LOCK,28.42
2026-05-04 11:45,2026-05-04 12:00,BUY,15.0,55357.85,55142.56,-215.29,-150.7,30,-4521.0,40.0,-4561.0,STOP_LOSS,0.0
2026-05-04 12:15,2026-05-04 12:30,SELL,15.0,55113.95,55057.81,56.14,39.3,30,1179.0,40.0,1139.0,TARGET,0.0
2026-05-04 12:45,2026-05-04 13:15,SELL,30.0,54929.2,54930.2,-1.0,-0.7,30,-21.0,40.0,-61.0,TRAIL_BE,21.73
2026-05-04 13:30,2026-05-04 13:45,SELL,15.0,54887.65,54831.51,56.14,39.3,30,1179.0,40.0,1139.0,TARGET,0.0
2026-05-04 14:00,2026-05-04 14:30,SELL,30.0,54920.4,54864.26,56.14,39.3,30,1179.0,40.0,1139.0,TARGET,4.38
2026-05-04 14:45,2026-05-04 15:15,SELL,30.0,54759.65,54746.36,13.29,9.3,30,279.0,40.0,239.0,TRAIL_LOCK,25.31
2026-05-05 09:30,2026-05-05 10:00,SELL,30.0,54567.9,54568.9,-1.0,-0.7,30,-21.0,40.0,-61.0,TRAIL_BE,20.58
2026-05-05 10:15,2026-05-05 10:45,SELL,30.0,54438.85,54439.85,-1.0,-0.7,30,-21.0,40.0,-61.0,TRAIL_BE,19.81
2026-05-05 11:00,2026-05-05 11:30,SELL,30.0,54424.35,54411.06,13.29,9.3,30,279.0,40.0,239.0,TRAIL_LOCK,35.73
2026-05-05 11:45,2026-05-05 12:45,SELL,60.0,54240.7,54455.99,-215.29,-150.7,30,-4521.0,40.0,-4561.0,STOP_LOSS,13.33
2026-05-05 13:00,2026-05-05 13:15,BUY,15.0,54808.1,54864.24,56.14,39.3,30,1179.0,40.0,1139.0,TARGET,0.0
2026-05-05 13:30,2026-05-05 14:00,BUY,30.0,54773.4,54772.4,-1.0,-0.7,30,-21.0,40.0,-61.0,TRAIL_BE,19.71
2026-05-05 14:15,2026-05-05 14:45,BUY,30.0,54815.45,54600.16,-215.29,-150.7,30,-4521.0,40.0,-4561.0,STOP_LOSS,6.27
2026-05-06 09:30,2026-05-06 10:00,SELL,30.0,55124.55,55068.41,56.14,39.3,30,1179.0,40.0,1139.0,TARGET,17.61
2026-05-06 10:15,2026-05-06 10:45,SELL,30.0,55090.4,55077.11,13.29,9.3,30,279.0,40.0,239.0,TRAIL_LOCK,39.13
2026-05-06 11:00,2026-05-06 11:15,SELL,15.0,54974.5,54918.36,56.14,39.3,30,1179.0,40.0,1139.0,TARGET,0.0
2026-05-06 11:30,2026-05-06 12:00,SELL,30.0,54917.8,54904.51,13.29,9.3,30,279.0,40.0,239.0,TRAIL_LOCK,25.48
2026-05-06 12:15,2026-05-06 12:30,SELL,15.0,54768.65,54712.51,56.14,39.3,30,1179.0,40.0,1139.0,TARGET,0.0
2026-05-06 12:45,2026-05-06 13:00,SELL,15.0,54678.5,54622.36,56.14,39.3,30,1179.0,40.0,1139.0,TARGET,0.0
2026-05-06 13:15,2026-05-06 14:00,SELL,45.0,54860.65,55075.94,-215.29,-150.7,30,-4521.0,40.0,-4561.0,STOP_LOSS,0.04
2026-05-06 14:15,2026-05-06 14:30,BUY,15.0,55750.35,55806.49,56.14,39.3,30,1179.0,40.0,1139.0,TARGET,0.0
2026-05-06 14:45,2026-05-06 15:00,BUY,15.0,55961.3,56017.44,56.14,39.3,30,1179.0,40.0,1139.0,TARGET,0.0
2026-05-07 09:30,2026-05-07 09:45,SELL,15.0,56056.5,56000.36,56.14,39.3,30,1179.0,40.0,1139.0,TARGET,0.0
2026-05-07 10:00,2026-05-07 10:45,SELL,45.0,55902.8,56118.09,-215.29,-150.7,30,-4521.0,40.0,-4561.0,STOP_LOSS,3.12
2026-05-07 11:00,2026-05-07 11:15,SELL,15.0,55921.6,55865.46,56.14,39.3,30,1179.0,40.0,1139.0,TARGET,0.0
2026-05-07 11:30,2026-05-07 12:15,SELL,45.0,55802.25,56017.54,-215.29,-150.7,30,-4521.0,40.0,-4561.0,STOP_LOSS,13.34
2026-05-07 12:30,2026-05-07 13:00,BUY,30.0,56290.55,56303.84,13.29,9.3,30,279.0,40.0,239.0,TRAIL_LOCK,25.79
2026-05-07 13:15,2026-05-07 13:30,BUY,15.0,56030.05,56086.19,56.14,39.3,30,1179.0,40.0,1139.0,TARGET,0.0
2026-05-07 13:45,2026-05-07 14:00,BUY,15.0,56080.55,56136.69,56.14,39.3,30,1179.0,40.0,1139.0,TARGET,0.0
2026-05-07 14:15,2026-05-07 14:45,BUY,30.0,56122.4,56121.4,-1.0,-0.7,30,-21.0,40.0,-61.0,TRAIL_BE,21.31
2026-05-07 15:00,2026-05-07 15:15,BUY,15.0,55964.85,56020.99,56.14,39.3,30,1179.0,40.0,1139.0,TARGET,0.0
2026-05-08 09:45,2026-05-08 10:00,SELL,15.0,55653.15,55597.01,56.14,39.3,30,1179.0,40.0,1139.0,TARGET,0.0
2026-05-08 10:15,2026-05-08 12:15,BUY,120.0,55663.35,55448.06,-215.29,-150.7,30,-4521.0,40.0,-4561.0,STOP_LOSS,11.79
2026-05-08 12:30,2026-05-08 13:00,SELL,30.0,55420.85,55407.56,13.29,9.3,30,279.0,40.0,239.0,TRAIL_LOCK,31.26
2026-05-08 13:15,2026-05-08 13:30,SELL,15.0,55539.75,55483.61,56.14,39.3,30,1179.0,40.0,1139.0,TARGET,0.0
2026-05-08 13:45,2026-05-08 14:00,SELL,15.0,55268.7,55212.56,56.14,39.3,30,1179.0,40.0,1139.0,TARGET,0.0
2026-05-11 09:30,2026-05-11 10:00,SELL,30.0,54445.8,54432.51,13.29,9.3,30,279.0,40.0,239.0,TRAIL_LOCK,37.14
2026-05-11 10:15,2026-05-11 10:30,SELL,15.0,54481.35,54425.21,56.14,39.3,30,1179.0,40.0,1139.0,TARGET,0.0
2026-05-11 10:45,2026-05-11 11:15,SELL,30.0,54565.45,54566.45,-1.0,-0.7,30,-21.0,40.0,-61.0,TRAIL_BE,21.42
2026-05-11 11:30,2026-05-11 12:45,BUY,75.0,54807.95,54864.09,56.14,39.3,30,1179.0,40.0,1139.0,TARGET,13.3
2026-05-11 13:00,2026-05-11 14:30,BUY,90.0,54959.3,54744.01,-215.29,-150.7,30,-4521.0,40.0,-4561.0,STOP_LOSS,6.72
2026-05-11 14:45,2026-05-11 15:00,SELL,15.0,54607.7,54551.56,56.14,39.3,30,1179.0,40.0,1139.0,TARGET,0.0
2026-05-12 09:30,2026-05-12 10:15,SELL,45.0,54067.95,54283.24,-215.29,-150.7,30,-4521.0,40.0,-4561.0,STOP_LOSS,13.19
2026-05-12 10:30,2026-05-12 10:45,SELL,15.0,54063.45,54007.31,56.14,39.3,30,1179.0,40.0,1139.0,TARGET,0.0
2026-05-12 11:00,2026-05-12 11:30,SELL,30.0,53862.55,53863.55,-1.0,-0.7,30,-21.0,40.0,-61.0,TRAIL_BE,16.73
2026-05-12 11:45,2026-05-12 12:15,SELL,30.0,53873.1,53859.81,13.29,9.3,30,279.0,40.0,239.0,TRAIL_LOCK,39.51
2026-05-12 12:30,2026-05-12 12:45,SELL,15.0,53710.95,53654.81,56.14,39.3,30,1179.0,40.0,1139.0,TARGET,0.0
2026-05-12 13:00,2026-05-12 13:30,SELL,30.0,53764.15,53708.01,56.14,39.3,30,1179.0,40.0,1139.0,TARGET,5.36
2026-05-12 13:45,2026-05-12 14:00,SELL,15.0,53663.5,53607.36,56.14,39.3,30,1179.0,40.0,1139.0,TARGET,0.0
2026-05-12 14:15,2026-05-12 14:30,SELL,15.0,53685.75,53629.61,56.14,39.3,30,1179.0,40.0,1139.0,TARGET,0.0
2026-05-12 14:45,2026-05-12 15:00,SELL,15.0,53593.55,53537.41,56.14,39.3,30,1179.0,40.0,1139.0,TARGET,0.0
2026-05-13 09:30,2026-05-13 09:45,SELL,15.0,53337.95,53281.81,56.14,39.3,30,1179.0,40.0,1139.0,TARGET,0.0
2026-05-13 10:00,2026-05-13 10:15,BUY,15.0,53511.2,53567.34,56.14,39.3,30,1179.0,40.0,1139.0,TARGET,0.0
2026-05-13 10:30,2026-05-13 10:45,BUY,15.0,53765.9,53550.61,-215.29,-150.7,30,-4521.0,40.0,-4561.0,STOP_LOSS,0.0
2026-05-13 11:15,2026-05-13 11:30,BUY,15.0,53592.0,53648.14,56.14,39.3,30,1179.0,40.0,1139.0,TARGET,0.0
2026-05-13 11:45,2026-05-13 12:00,BUY,15.0,53876.95,53933.09,56.14,39.3,30,1179.0,40.0,1139.0,TARGET,0.0
2026-05-13 12:15,2026-05-13 12:30,BUY,15.0,53993.9,53778.61,-215.29,-150.7,30,-4521.0,40.0,-4561.0,STOP_LOSS,0.0
2026-05-13 12:45,2026-05-13 13:15,BUY,30.0,54093.9,53878.61,-215.29,-150.7,30,-4521.0,40.0,-4561.0,STOP_LOSS,2.56
2026-05-13 13:30,2026-05-13 14:00,BUY,30.0,53859.15,53858.15,-1.0,-0.7,30,-21.0,40.0,-61.0,TRAIL_BE,21.35
2026-05-13 14:15,2026-05-13 14:45,BUY,30.0,53802.05,53815.34,13.29,9.3,30,279.0,40.0,239.0,TRAIL_LOCK,26.39
2026-05-13 15:00,2026-05-13 15:15,SELL,15.0,53510.4,53454.26,56.14,39.3,30,1179.0,40.0,1139.0,TARGET,0.0
2026-05-14 09:30,2026-05-14 09:45,SELL,15.0,53639.85,53583.71,56.14,39.3,30,1179.0,40.0,1139.0,TARGET,0.0
2026-05-14 10:00,2026-05-14 10:15,SELL,15.0,53592.25,53536.11,56.14,39.3,30,1179.0,40.0,1139.0,TARGET,0.0
2026-05-14 10:30,2026-05-14 10:45,SELL,15.0,53453.4,53397.26,56.14,39.3,30,1179.0,40.0,1139.0,TARGET,0.0
2026-05-14 11:00,2026-05-14 11:15,SELL,15.0,53385.4,53600.69,-215.29,-150.7,30,-4521.0,40.0,-4561.0,STOP_LOSS,0.0
2026-05-14 11:30,2026-05-14 11:45,BUY,15.0,54131.45,54187.59,56.14,39.3,30,1179.0,40.0,1139.0,TARGET,0.0
2026-05-14 12:00,2026-05-14 12:15,BUY,15.0,54164.85,54220.99,56.14,39.3,30,1179.0,40.0,1139.0,TARGET,0.0
2026-05-14 12:30,2026-05-14 13:00,BUY,30.0,54314.7,54327.99,13.29,9.3,30,279.0,40.0,239.0,TRAIL_LOCK,31.47
2026-05-14 13:15,2026-05-14 13:30,BUY,15.0,54284.35,54340.49,56.14,39.3,30,1179.0,40.0,1139.0,TARGET,0.0
2026-05-14 13:45,2026-05-14 14:15,BUY,30.0,54331.8,54345.09,13.29,9.3,30,279.0,40.0,239.0,TRAIL_LOCK,38.32
2026-05-14 14:30,2026-05-14 15:00,BUY,30.0,54300.45,54085.16,-215.29,-150.7,30,-4521.0,40.0,-4561.0,STOP_LOSS,3.19
2026-05-15 09:30,2026-05-15 10:00,BUY,30.0,54286.55,54285.55,-1.0,-0.7,30,-21.0,40.0,-61.0,TRAIL_BE,19.04
2026-05-15 10:15,2026-05-15 10:45,BUY,30.0,54249.8,54305.94,56.14,39.3,30,1179.0,40.0,1139.0,TARGET,12.53
2026-05-15 11:00,2026-05-15 11:15,SELL,15.0,54026.55,53970.41,56.14,39.3,30,1179.0,40.0,1139.0,TARGET,0.0
2026-05-15 11:30,2026-05-15 12:00,SELL,30.0,54001.75,54002.75,-1.0,-0.7,30,-21.0,40.0,-61.0,TRAIL_BE,19.07
2026-05-15 12:15,2026-05-15 12:45,SELL,30.0,53971.65,54186.94,-215.29,-150.7,30,-4521.0,40.0,-4561.0,STOP_LOSS,12.36
2026-05-15 13:00,2026-05-15 13:15,BUY,15.0,54247.15,54303.29,56.14,39.3,30,1179.0,40.0,1139.0,TARGET,0.0
2026-05-15 13:30,2026-05-15 14:00,BUY,30.0,54136.75,54150.04,13.29,9.3,30,279.0,40.0,239.0,TRAIL_LOCK,26.6
2026-05-15 14:15,2026-05-15 14:30,SELL,15.0,53971.65,53915.51,56.14,39.3,30,1179.0,40.0,1139.0,TARGET,0.0
2026-05-15 14:45,2026-05-15 15:00,SELL,15.0,53795.0,53738.86,56.14,39.3,30,1179.0,40.0,1139.0,TARGET,0.0
2026-05-18 09:30,2026-05-18 09:45,SELL,15.0,52951.1,52894.96,56.14,39.3,30,1179.0,40.0,1139.0,TARGET,0.0
2026-05-18 10:00,2026-05-18 10:30,SELL,30.0,52883.25,52884.25,-1.0,-0.7,30,-21.0,40.0,-61.0,TRAIL_BE,17.32
2026-05-18 10:45,2026-05-18 11:15,BUY,30.0,53066.35,53079.64,13.29,9.3,30,279.0,40.0,239.0,TRAIL_LOCK,29.22
2026-05-18 11:30,2026-05-18 12:00,BUY,30.0,53182.35,52967.06,-215.29,-150.7,30,-4521.0,40.0,-4561.0,STOP_LOSS,1.72
2026-05-18 12:15,2026-05-18 12:30,BUY,15.0,53190.1,53246.24,56.14,39.3,30,1179.0,40.0,1139.0,TARGET,0.0
2026-05-18 12:45,2026-05-18 13:00,BUY,15.0,53479.6,53535.74,56.14,39.3,30,1179.0,40.0,1139.0,TARGET,0.0
2026-05-18 13:15,2026-05-18 13:45,BUY,30.0,53499.05,53512.34,13.29,9.3,30,279.0,40.0,239.0,TRAIL_LOCK,39.79
2026-05-18 14:00,2026-05-18 15:00,BUY,60.0,53536.45,53592.59,56.14,39.3,30,1179.0,40.0,1139.0,TARGET,0.46
2026-05-19 09:30,2026-05-19 09:45,SELL,15.0,53648.95,53592.81,56.14,39.3,30,1179.0,40.0,1139.0,TARGET,0.0
2026-05-19 10:00,2026-05-19 10:15,SELL,15.0,53601.3,53545.16,56.14,39.3,30,1179.0,40.0,1139.0,TARGET,0.0
2026-05-19 10:30,2026-05-19 10:45,BUY,15.0,53641.0,53697.14,56.14,39.3,30,1179.0,40.0,1139.0,TARGET,0.0
2026-05-19 11:00,2026-05-19 11:30,BUY,30.0,53524.75,53580.89,56.14,39.3,30,1179.0,40.0,1139.0,TARGET,3.04
2026-05-19 11:45,2026-05-19 12:00,BUY,15.0,53585.3,53641.44,56.14,39.3,30,1179.0,40.0,1139.0,TARGET,0.0
2026-05-19 12:15,2026-05-19 14:30,BUY,135.0,53669.4,53454.11,-215.29,-150.7,30,-4521.0,40.0,-4561.0,STOP_LOSS,10.15
2026-05-19 14:45,2026-05-19 15:00,SELL,15.0,53452.05,53395.91,56.14,39.3,30,1179.0,40.0,1139.0,TARGET,0.0
2026-05-20 09:30,2026-05-20 09:45,BUY,15.0,52988.15,53044.29,56.14,39.3,30,1179.0,40.0,1139.0,TARGET,0.0
2026-05-20 10:00,2026-05-20 10:30,BUY,30.0,52969.45,53025.59,56.14,39.3,30,1179.0,40.0,1139.0,TARGET,15.79
2026-05-20 10:45,2026-05-20 11:00,BUY,15.0,53071.25,53127.39,56.14,39.3,30,1179.0,40.0,1139.0,TARGET,0.0
2026-05-20 11:15,2026-05-20 11:45,BUY,30.0,53298.05,53311.34,13.29,9.3,30,279.0,40.0,239.0,TRAIL_LOCK,32.2
2026-05-20 12:00,2026-05-20 12:15,BUY,15.0,53234.9,53291.04,56.14,39.3,30,1179.0,40.0,1139.0,TARGET,0.0
2026-05-20 12:30,2026-05-20 13:00,BUY,30.0,53255.4,53268.69,13.29,9.3,30,279.0,40.0,239.0,TRAIL_LOCK,27.96
2026-05-20 13:15,2026-05-20 13:30,BUY,15.0,53083.35,53139.49,56.14,39.3,30,1179.0,40.0,1139.0,TARGET,0.0
2026-05-20 13:45,2026-05-20 14:00,BUY,15.0,53267.55,53323.69,56.14,39.3,30,1179.0,40.0,1139.0,TARGET,0.0
2026-05-20 14:15,2026-05-20 14:30,BUY,15.0,53491.45,53547.59,56.14,39.3,30,1179.0,40.0,1139.0,TARGET,0.0
2026-05-20 14:45,2026-05-20 15:00,BUY,15.0,53571.5,53627.64,56.14,39.3,30,1179.0,40.0,1139.0,TARGET,0.0
2026-05-21 09:30,2026-05-21 10:00,SELL,30.0,53859.7,53846.41,13.29,9.3,30,279.0,40.0,239.0,TRAIL_LOCK,36.99
2026-05-21 10:15,2026-05-21 10:30,SELL,15.0,53854.0,53797.86,56.14,39.3,30,1179.0,40.0,1139.0,TARGET,0.0
2026-05-21 10:45,2026-05-21 11:00,SELL,15.0,53760.3,53704.16,56.14,39.3,30,1179.0,40.0,1139.0,TARGET,0.0
2026-05-21 11:15,2026-05-21 11:30,SELL,15.0,53752.95,53696.81,56.14,39.3,30,1179.0,40.0,1139.0,TARGET,0.0
2026-05-21 11:45,2026-05-21 12:15,SELL,30.0,53636.8,53580.66,56.14,39.3,30,1179.0,40.0,1139.0,TARGET,25.48
2026-05-21 12:30,2026-05-21 12:45,SELL,15.0,53394.9,53338.76,56.14,39.3,30,1179.0,40.0,1139.0,TARGET,0.0
2026-05-21 13:00,2026-05-21 13:30,SELL,30.0,53289.2,53275.91,13.29,9.3,30,279.0,40.0,239.0,TRAIL_LOCK,29.19
2026-05-21 13:45,2026-05-21 14:00,SELL,15.0,53349.0,53292.86,56.14,39.3,30,1179.0,40.0,1139.0,TARGET,0.0
2026-05-22 09:30,2026-05-22 09:45,BUY,15.0,53961.15,54017.29,56.14,39.3,30,1179.0,40.0,1139.0,TARGET,0.0
2026-05-22 10:00,2026-05-22 12:45,BUY,165.0,54086.75,54142.89,56.14,39.3,30,1179.0,40.0,1139.0,TARGET,8.92
2026-05-22 13:00,2026-05-22 14:00,BUY,60.0,54164.4,54163.4,-1.0,-0.7,30,-21.0,40.0,-61.0,TRAIL_BE,22.51
2026-05-22 14:15,2026-05-22 14:30,SELL,15.0,53980.15,53924.01,56.14,39.3,30,1179.0,40.0,1139.0,TARGET,0.0
2026-05-22 14:45,2026-05-22 15:15,SELL,30.0,53983.2,53969.91,13.29,9.3,30,279.0,40.0,239.0,TRAIL_LOCK,28.73
2026-05-25 09:30,2026-05-25 10:15,BUY,45.0,54914.6,54970.74,56.14,39.3,30,1179.0,40.0,1139.0,TARGET,33.71
2026-05-25 10:30,2026-05-25 11:00,BUY,30.0,55058.35,55057.35,-1.0,-0.7,30,-21.0,40.0,-61.0,TRAIL_BE,19.22
2026-05-25 11:15,2026-05-25 12:00,BUY,45.0,55081.75,55095.04,13.29,9.3,30,279.0,40.0,239.0,TRAIL_LOCK,28.28
2026-05-25 12:15,2026-05-25 13:30,BUY,75.0,54983.0,54996.29,13.29,9.3,30,279.0,40.0,239.0,TRAIL_LOCK,38.81
2026-05-25 13:45,2026-05-25 14:45,SELL,60.0,54974.5,55189.79,-215.29,-150.7,30,-4521.0,40.0,-4561.0,STOP_LOSS,10.01
2026-05-25 15:00,2026-05-25 15:15,BUY,15.0,55296.85,55352.99,56.14,39.3,30,1179.0,40.0,1139.0,TARGET,0.0
2026-05-26 09:30,2026-05-26 09:45,BUY,15.0,55460.0,55244.71,-215.29,-150.7,30,-4521.0,40.0,-4561.0,STOP_LOSS,0.0
2026-05-26 10:00,2026-05-26 10:15,SELL,15.0,55395.45,55339.31,56.14,39.3,30,1179.0,40.0,1139.0,TARGET,0.0
2026-05-26 10:30,2026-05-26 10:45,BUY,15.0,55445.8,55501.94,56.14,39.3,30,1179.0,40.0,1139.0,TARGET,0.0
2026-05-26 11:00,2026-05-26 12:15,BUY,75.0,55402.5,55187.21,-215.29,-150.7,30,-4521.0,40.0,-4561.0,STOP_LOSS,5.99
2026-05-26 12:30,2026-05-26 12:45,SELL,15.0,55141.9,55085.76,56.14,39.3,30,1179.0,40.0,1139.0,TARGET,0.0
2026-05-26 13:00,2026-05-26 13:30,SELL,30.0,55075.4,55076.4,-1.0,-0.7,30,-21.0,40.0,-61.0,TRAIL_BE,17.99
2026-05-26 13:45,2026-05-26 14:00,SELL,15.0,55040.55,54984.41,56.14,39.3,30,1179.0,40.0,1139.0,TARGET,0.0
2026-05-26 14:15,2026-05-26 14:30,SELL,15.0,55087.95,55031.81,56.14,39.3,30,1179.0,40.0,1139.0,TARGET,0.0
2026-05-26 14:45,2026-05-26 15:15,SELL,30.0,55074.1,55075.1,-1.0,-0.7,30,-21.0,40.0,-61.0,TRAIL_BE,19.53
2026-05-27 09:30,2026-05-27 09:45,SELL,15.0,55013.0,54956.86,56.14,39.3,30,1179.0,40.0,1139.0,TARGET,0.0
2026-05-27 10:00,2026-05-27 10:15,BUY,15.0,55120.5,55176.64,56.14,39.3,30,1179.0,40.0,1139.0,TARGET,0.0
2026-05-27 10:30,2026-05-27 10:45,BUY,15.0,55069.9,55126.04,56.14,39.3,30,1179.0,40.0,1139.0,TARGET,0.0
2026-05-27 11:00,2026-05-27 11:15,BUY,15.0,55067.35,55123.49,56.14,39.3,30,1179.0,40.0,1139.0,TARGET,0.0
2026-05-27 11:30,2026-05-27 12:00,BUY,30.0,55042.65,55041.65,-1.0,-0.7,30,-21.0,40.0,-61.0,TRAIL_BE,22.33
2026-05-27 12:15,2026-05-27 12:45,SELL,30.0,55021.85,55022.85,-1.0,-0.7,30,-21.0,40.0,-61.0,TRAIL_BE,15.99
2026-05-27 13:00,2026-05-27 13:15,SELL,15.0,54921.75,54865.61,56.14,39.3,30,1179.0,40.0,1139.0,TARGET,0.0
2026-05-27 13:30,2026-05-27 14:00,SELL,30.0,54846.9,54847.9,-1.0,-0.7,30,-21.0,40.0,-61.0,TRAIL_BE,24.85
2026-05-27 14:15,2026-05-27 14:30,SELL,15.0,54853.65,54797.51,56.14,39.3,30,1179.0,40.0,1139.0,TARGET,0.0
2026-05-27 14:45,2026-05-27 15:00,SELL,15.0,54797.3,54741.16,56.14,39.3,30,1179.0,40.0,1139.0,TARGET,0.0
2026-05-29 09:30,2026-05-29 10:00,SELL,30.0,54766.2,54981.49,-215.29,-150.7,30,-4521.0,40.0,-4561.0,STOP_LOSS,3.22
2026-05-29 10:15,2026-05-29 11:45,BUY,90.0,55104.6,55160.74,56.14,39.3,30,1179.0,40.0,1139.0,TARGET,12.36
2026-05-29 12:00,2026-05-29 12:15,SELL,15.0,54860.65,54804.51,56.14,39.3,30,1179.0,40.0,1139.0,TARGET,0.0
2026-05-29 12:30,2026-05-29 12:45,SELL,15.0,54837.3,54781.16,56.14,39.3,30,1179.0,40.0,1139.0,TARGET,0.0
2026-05-29 13:00,2026-05-29 13:30,SELL,30.0,54590.05,54576.76,13.29,9.3,30,279.0,40.0,239.0,TRAIL_LOCK,36.09
2026-05-29 13:45,2026-05-29 14:15,SELL,30.0,54516.7,54503.41,13.29,9.3,30,279.0,40.0,239.0,TRAIL_LOCK,28.07
2026-05-29 14:30,2026-05-29 14:45,SELL,15.0,54646.45,54590.31,56.14,39.3,30,1179.0,40.0,1139.0,TARGET,0.0
2026-05-29 15:00,2026-05-29 15:15,SELL,15.0,54197.3,54141.16,56.14,39.3,30,1179.0,40.0,1139.0,TARGET,0.0
2026-06-01 09:30,2026-06-01 09:45,SELL,15.0,54188.8,54132.66,56.14,39.3,30,1179.0,40.0,1139.0,TARGET,0.0
2026-06-01 10:00,2026-06-01 10:15,SELL,15.0,54033.15,53977.01,56.14,39.3,30,1179.0,40.0,1139.0,TARGET,0.0
2026-06-01 10:30,2026-06-01 11:00,SELL,30.0,53915.2,54130.49,-215.29,-150.7,30,-4521.0,40.0,-4561.0,STOP_LOSS,0.88
2026-06-01 11:15,2026-06-01 11:45,BUY,30.0,54027.7,54026.7,-1.0,-0.7,30,-21.0,40.0,-61.0,TRAIL_BE,23.59
2026-06-01 12:00,2026-06-01 12:15,SELL,15.0,53937.35,53881.21,56.14,39.3,30,1179.0,40.0,1139.0,TARGET,0.0
2026-06-01 12:30,2026-06-01 12:45,SELL,15.0,53863.05,53806.91,56.14,39.3,30,1179.0,40.0,1139.0,TARGET,0.0
2026-06-01 13:00,2026-06-01 14:00,SELL,60.0,53658.2,53602.06,56.14,39.3,30,1179.0,40.0,1139.0,TARGET,2.83
2026-06-01 14:15,2026-06-01 14:45,SELL,30.0,53537.9,53524.61,13.29,9.3,30,279.0,40.0,239.0,TRAIL_LOCK,27.97
2026-06-01 15:00,2026-06-01 15:15,SELL,15.0,53664.55,53608.41,56.14,39.3,30,1179.0,40.0,1139.0,TARGET,0.0
2026-06-02 09:30,2026-06-02 09:45,BUY,15.0,53346.05,53402.19,56.14,39.3,30,1179.0,40.0,1139.0,TARGET,0.0
2026-06-02 10:00,2026-06-02 10:15,BUY,15.0,53230.6,53286.74,56.14,39.3,30,1179.0,40.0,1139.0,TARGET,0.0
2026-06-02 10:30,2026-06-02 11:15,BUY,45.0,53336.95,53393.09,56.14,39.3,30,1179.0,40.0,1139.0,TARGET,10.64
2026-06-02 11:30,2026-06-02 12:00,SELL,30.0,53265.85,53252.56,13.29,9.3,30,279.0,40.0,239.0,TRAIL_LOCK,37.27
2026-06-02 12:15,2026-06-02 12:30,SELL,15.0,53155.0,53370.29,-215.29,-150.7,30,-4521.0,40.0,-4561.0,STOP_LOSS,0.0
2026-06-02 12:45,2026-06-02 13:00,BUY,15.0,53788.25,53844.39,56.14,39.3,30,1179.0,40.0,1139.0,TARGET,0.0
2026-06-02 13:15,2026-06-02 13:30,BUY,15.0,53873.2,53929.34,56.14,39.3,30,1179.0,40.0,1139.0,TARGET,0.0
2026-06-02 13:45,2026-06-02 14:00,BUY,15.0,53828.35,53884.49,56.14,39.3,30,1179.0,40.0,1139.0,TARGET,0.0
2026-06-02 14:15,2026-06-02 14:45,BUY,30.0,53839.4,53838.4,-1.0,-0.7,30,-21.0,40.0,-61.0,TRAIL_BE,23.59
2026-06-02 15:00,2026-06-02 15:15,BUY,15.0,53750.75,53806.89,56.14,39.3,30,1179.0,40.0,1139.0,TARGET,0.0
2026-06-03 09:30,2026-06-03 09:45,SELL,15.0,53210.95,53154.81,56.14,39.3,30,1179.0,40.0,1139.0,TARGET,0.0
2026-06-03 10:00,2026-06-03 10:30,SELL,30.0,53184.15,53128.01,56.14,39.3,30,1179.0,40.0,1139.0,TARGET,10.01
2026-06-03 10:45,2026-06-03 11:00,SELL,15.0,53130.85,53074.71,56.14,39.3,30,1179.0,40.0,1139.0,TARGET,0.0
2026-06-03 11:15,2026-06-03 11:30,SELL,15.0,53194.4,53138.26,56.14,39.3,30,1179.0,40.0,1139.0,TARGET,0.0
2026-06-03 11:45,2026-06-03 12:00,SELL,15.0,53147.9,53091.76,56.14,39.3,30,1179.0,40.0,1139.0,TARGET,0.0
2026-06-03 12:30,2026-06-03 12:45,BUY,15.0,53662.9,53719.04,56.14,39.3,30,1179.0,40.0,1139.0,TARGET,0.0
2026-06-03 13:00,2026-06-03 13:15,BUY,15.0,53607.65,53663.79,56.14,39.3,30,1179.0,40.0,1139.0,TARGET,0.0
2026-06-03 13:30,2026-06-03 13:45,BUY,15.0,53699.5,53755.64,56.14,39.3,30,1179.0,40.0,1139.0,TARGET,0.0
2026-06-03 14:00,2026-06-03 14:15,BUY,15.0,53938.15,53994.29,56.14,39.3,30,1179.0,40.0,1139.0,TARGET,0.0
2026-06-03 14:30,2026-06-03 14:45,BUY,15.0,54096.85,54152.99,56.14,39.3,30,1179.0,40.0,1139.0,TARGET,0.0
2026-06-03 15:00,2026-06-03 15:15,BUY,15.0,54150.55,54206.69,56.14,39.3,30,1179.0,40.0,1139.0,TARGET,0.0
2026-06-04 09:30,2026-06-04 09:45,BUY,15.0,54041.95,54098.09,56.14,39.3,30,1179.0,40.0,1139.0,TARGET,0.0
2026-06-04 10:00,2026-06-04 10:30,BUY,30.0,54258.0,54271.29,13.29,9.3,30,279.0,40.0,239.0,TRAIL_LOCK,34.3
2026-06-04 10:45,2026-06-04 11:15,BUY,30.0,54358.9,54357.9,-1.0,-0.7,30,-21.0,40.0,-61.0,TRAIL_BE,20.19
2026-06-04 11:30,2026-06-04 12:15,BUY,45.0,54300.75,54314.04,13.29,9.3,30,279.0,40.0,239.0,TRAIL_LOCK,38.04
2026-06-04 12:30,2026-06-04 12:45,BUY,15.0,54246.9,54303.04,56.14,39.3,30,1179.0,40.0,1139.0,TARGET,0.0
2026-06-04 13:00,2026-06-04 13:30,SELL,30.0,54049.75,54036.46,13.29,9.3,30,279.0,40.0,239.0,TRAIL_LOCK,38.19
2026-06-04 13:45,2026-06-04 14:30,SELL,45.0,54092.25,54307.54,-215.29,-150.7,30,-4521.0,40.0,-4561.0,STOP_LOSS,8.75
2026-06-04 14:45,2026-06-04 15:00,BUY,15.0,54271.6,54327.74,56.14,39.3,30,1179.0,40.0,1139.0,TARGET,0.0
2026-06-05 09:30,2026-06-05 09:45,BUY,15.0,54500.7,54556.84,56.14,39.3,30,1179.0,40.0,1139.0,TARGET,0.0
2026-06-05 10:00,2026-06-05 10:15,BUY,15.0,54495.1,54551.24,56.14,39.3,30,1179.0,40.0,1139.0,TARGET,0.0
2026-06-05 10:30,2026-06-05 10:45,SELL,15.0,54273.75,54489.04,-215.29,-150.7,30,-4521.0,40.0,-4561.0,STOP_LOSS,0.0
2026-06-05 11:00,2026-06-05 11:15,BUY,15.0,54702.8,54758.94,56.14,39.3,30,1179.0,40.0,1139.0,TARGET,0.0
2026-06-05 11:30,2026-06-05 11:45,BUY,15.0,54570.65,54626.79,56.14,39.3,30,1179.0,40.0,1139.0,TARGET,0.0
2026-06-05 12:00,2026-06-05 12:15,BUY,15.0,54626.3,54682.44,56.14,39.3,30,1179.0,40.0,1139.0,TARGET,0.0
2026-06-05 12:45,2026-06-05 13:15,SELL,30.0,54395.7,54382.41,13.29,9.3,30,279.0,40.0,239.0,TRAIL_LOCK,34.89
2026-06-05 13:30,2026-06-05 14:30,SELL,60.0,54206.05,54192.76,13.29,9.3,30,279.0,40.0,239.0,TRAIL_LOCK,32.06
2026-06-05 14:45,2026-06-05 15:15,BUY,30.0,54471.5,54484.79,13.29,9.3,30,279.0,40.0,239.0,TRAIL_LOCK,27.09
2026-06-08 09:30,2026-06-08 10:00,BUY,30.0,54305.55,54318.84,13.29,9.3,30,279.0,40.0,239.0,TRAIL_LOCK,39.41
2026-06-08 10:15,2026-06-08 11:15,SELL,60.0,54165.35,54109.21,56.14,39.3,30,1179.0,40.0,1139.0,TARGET,14.59
2026-06-08 11:30,2026-06-08 12:30,SELL,60.0,54113.2,54328.49,-215.29,-150.7,30,-4521.0,40.0,-4561.0,STOP_LOSS,8.68
2026-06-08 12:45,2026-06-08 13:15,BUY,30.0,54312.8,54311.8,-1.0,-0.7,30,-21.0,40.0,-61.0,TRAIL_BE,18.16
2026-06-08 13:30,2026-06-08 13:45,SELL,15.0,54153.65,54097.51,56.14,39.3,30,1179.0,40.0,1139.0,TARGET,0.0
2026-06-08 14:00,2026-06-08 14:30,SELL,30.0,54106.5,54107.5,-1.0,-0.7,30,-21.0,40.0,-61.0,TRAIL_BE,19.74
2026-06-08 14:45,2026-06-08 15:00,SELL,15.0,54205.45,54149.31,56.14,39.3,30,1179.0,40.0,1139.0,TARGET,0.0
2026-06-09 09:30,2026-06-09 09:45,BUY,15.0,54696.5,54752.64,56.14,39.3,30,1179.0,40.0,1139.0,TARGET,0.0
2026-06-09 10:00,2026-06-09 10:30,BUY,30.0,54699.0,54712.29,13.29,9.3,30,279.0,40.0,239.0,TRAIL_LOCK,38.64
2026-06-09 10:45,2026-06-09 11:15,SELL,30.0,54676.2,54662.91,13.29,9.3,30,279.0,40.0,239.0,TRAIL_LOCK,34.93
2026-06-09 11:30,2026-06-09 12:00,SELL,30.0,54640.15,54855.44,-215.29,-150.7,30,-4521.0,40.0,-4561.0,STOP_LOSS,12.29
2026-06-09 12:15,2026-06-09 12:30,BUY,15.0,54908.3,54964.44,56.14,39.3,30,1179.0,40.0,1139.0,TARGET,0.0
2026-06-09 12:45,2026-06-09 13:00,BUY,15.0,54929.7,54985.84,56.14,39.3,30,1179.0,40.0,1139.0,TARGET,0.0
2026-06-09 13:15,2026-06-09 13:45,BUY,30.0,55102.7,55101.7,-1.0,-0.7,30,-21.0,40.0,-61.0,TRAIL_BE,22.33
2026-06-09 14:00,2026-06-09 14:30,BUY,30.0,55081.95,55080.95,-1.0,-0.7,30,-21.0,40.0,-61.0,TRAIL_BE,16.87
2026-06-10 09:30,2026-06-10 10:45,BUY,75.0,55367.45,55423.59,56.14,39.3,30,1179.0,40.0,1139.0,TARGET,10.22
2026-06-10 11:00,2026-06-10 11:30,BUY,30.0,55387.85,55401.14,13.29,9.3,30,279.0,40.0,239.0,TRAIL_LOCK,34.23
2026-06-10 11:45,2026-06-10 12:30,BUY,45.0,55490.45,55503.74,13.29,9.3,30,279.0,40.0,239.0,TRAIL_LOCK,30.94
2026-06-10 12:45,2026-06-10 13:00,BUY,15.0,55450.6,55506.74,56.14,39.3,30,1179.0,40.0,1139.0,TARGET,0.0
2026-06-10 13:15,2026-06-10 14:30,BUY,75.0,55515.6,55300.31,-215.29,-150.7,30,-4521.0,40.0,-4561.0,STOP_LOSS,8.51
2026-06-10 14:45,2026-06-10 15:00,SELL,15.0,55216.6,55160.46,56.14,39.3,30,1179.0,40.0,1139.0,TARGET,0.0
2026-06-11 09:30,2026-06-11 09:45,BUY,15.0,55153.4,55209.54,56.14,39.3,30,1179.0,40.0,1139.0,TARGET,0.0
2026-06-11 10:00,2026-06-11 10:15,BUY,15.0,55120.9,55177.04,56.14,39.3,30,1179.0,40.0,1139.0,TARGET,0.0
2026-06-11 10:30,2026-06-11 11:30,BUY,60.0,55235.1,55248.39,13.29,9.3,30,279.0,40.0,239.0,TRAIL_LOCK,34.47
2026-06-11 11:45,2026-06-11 12:15,BUY,30.0,55409.55,55422.84,13.29,9.3,30,279.0,40.0,239.0,TRAIL_LOCK,35.07
2026-06-11 12:30,2026-06-11 13:00,BUY,30.0,55565.35,55350.06,-215.29,-150.7,30,-4521.0,40.0,-4561.0,STOP_LOSS,13.58
2026-06-11 13:15,2026-06-11 13:30,BUY,15.0,55278.85,55334.99,56.14,39.3,30,1179.0,40.0,1139.0,TARGET,0.0
2026-06-11 13:45,2026-06-11 14:00,SELL,15.0,55257.4,55201.26,56.14,39.3,30,1179.0,40.0,1139.0,TARGET,0.0
2026-06-11 14:15,2026-06-11 14:45,BUY,30.0,55374.65,55159.36,-215.29,-150.7,30,-4521.0,40.0,-4561.0,STOP_LOSS,0.0
2026-06-12 09:30,2026-06-12 10:00,SELL,30.0,55842.75,55786.61,56.14,39.3,30,1179.0,40.0,1139.0,TARGET,11.27
2026-06-12 10:15,2026-06-12 11:00,SELL,45.0,55855.4,55842.11,13.29,9.3,30,279.0,40.0,239.0,TRAIL_LOCK,33.95
2026-06-12 11:15,2026-06-12 11:45,BUY,30.0,55934.65,55947.94,13.29,9.3,30,279.0,40.0,239.0,TRAIL_LOCK,30.94
2026-06-12 12:00,2026-06-12 13:15,SELL,75.0,55823.7,56038.99,-215.29,-150.7,30,-4521.0,40.0,-4561.0,STOP_LOSS,5.49
2026-06-12 13:30,2026-06-12 13:45,BUY,15.0,56312.6,56368.74,56.14,39.3,30,1179.0,40.0,1139.0,TARGET,0.0
2026-06-12 14:00,2026-06-12 14:15,BUY,15.0,56510.85,56566.99,56.14,39.3,30,1179.0,40.0,1139.0,TARGET,0.0
2026-06-12 14:30,2026-06-12 14:45,BUY,15.0,56716.55,56772.69,56.14,39.3,30,1179.0,40.0,1139.0,TARGET,0.0
2026-06-15 09:30,2026-06-15 09:45,SELL,15.0,57441.8,57385.66,56.14,39.3,30,1179.0,40.0,1139.0,TARGET,0.0
2026-06-15 10:00,2026-06-15 12:00,SELL,120.0,57387.05,57330.91,56.14,39.3,30,1179.0,40.0,1139.0,TARGET,8.86
2026-06-15 12:15,2026-06-15 13:45,SELL,90.0,57235.65,57236.65,-1.0,-0.7,30,-21.0,40.0,-61.0,TRAIL_BE,16.24
2026-06-15 14:00,2026-06-15 15:00,SELL,60.0,57204.1,57147.96,56.14,39.3,30,1179.0,40.0,1139.0,TARGET,13.33
